Workbook

Sheet אינדקס
I1: =CONCATENATE("🎯 מטרות-העל: ", 'אינדקס'!$B$5) -> 🎯 מטרות-העל: https://docs.google.com/open?id=16lBROr6DmzGS3AaRedcxxBk5nYQMegngfhrp90Jz1JQ
A2: 🏠 את/ה באינדקס | C2: מעבר מהיר לגיליון: | D2: משימות | E2: אנשי קשר
A4: אינדקס גיליונות - ישויות לאיפיון
A5: מטרות-העל של הפרויקט: | B5: https://docs.google.com/open?id=16lBROr6DmzGS3AaRedcxxBk5nYQMegngfhrp90Jz1JQ
A6: שם הגיליון (ישות) החדש:
A7: לחצו על כפתור 'הוסף גיליון' (לאחר הזנת שם) - הכפתור נוסף לאחר פתיחה ב-Google Sheets
A9: שם הגיליון (ישות) למחיקה:
A10: לחצו על כפתור 'מחק גיליון' - הפעולה בלתי הפיכה, תתבקשו לאשר
A12: # | B12: שם הגיליון (ישות) | C12: קישור
B13: לקוחות | C13: לקוחות
A14: 1 | B14: בק אנד (מערכת) | C14: בק אנד (סוגי יישויות)
A15: 2 | B15: אנשי קשר | C15: אנשי קשר
A16: 3 | B16: קטלוג שירותים | C16: =HYPERLINK("https://docs.google.com/spreadsheets/d/1ON4l0rpY35dBfrB0jgjQFR2HGOe-jhxxfXIZdIrogkA/edit#gid=1217484634", "פתח גיליון") -> פתח גיליון
A17: 5 | B17: עסקאות | C17: =HYPERLINK("https://docs.google.com/spreadsheets/d/1ON4l0rpY35dBfrB0jgjQFR2HGOe-jhxxfXIZdIrogkA/edit#gid=656135550", "פתח גיליון") -> פתח גיליון
A18: 6 | B18: תקשורת | C18: =HYPERLINK("https://docs.google.com/spreadsheets/d/1ON4l0rpY35dBfrB0jgjQFR2HGOe-jhxxfXIZdIrogkA/edit#gid=1722217642", "פתח גיליון") -> פתח גיליון
A19: 7 | B19: משימות | C19: =HYPERLINK("https://docs.google.com/spreadsheets/d/1ON4l0rpY35dBfrB0jgjQFR2HGOe-jhxxfXIZdIrogkA/edit#gid=927433692", "פתח גיליון") -> פתח גיליון
A20: 8 | B20: עובד משרד | C20: =HYPERLINK("https://docs.google.com/spreadsheets/d/1ON4l0rpY35dBfrB0jgjQFR2HGOe-jhxxfXIZdIrogkA/edit#gid=1125570332", "פתח גיליון") -> פתח גיליון
A21: 9 | B21: תבניות חובת דיווח | C21: =HYPERLINK("https://docs.google.com/spreadsheets/d/1ON4l0rpY35dBfrB0jgjQFR2HGOe-jhxxfXIZdIrogkA/edit#gid=2004086106", "פתח גיליון") -> פתח גיליון
A22: 10 | B22: הגשות | C22: =HYPERLINK("https://docs.google.com/spreadsheets/d/1ON4l0rpY35dBfrB0jgjQFR2HGOe-jhxxfXIZdIrogkA/edit#gid=645958431", "פתח גיליון") -> פתח גיליון
A23: 11 | B23: דרישת חומר תקופתי | C23: =HYPERLINK("https://docs.google.com/spreadsheets/d/1ON4l0rpY35dBfrB0jgjQFR2HGOe-jhxxfXIZdIrogkA/edit#gid=779002980", "פתח גיליון") -> פתח גיליון
A24: 12 | B24: מסמכים | C24: =HYPERLINK("https://docs.google.com/spreadsheets/d/1ON4l0rpY35dBfrB0jgjQFR2HGOe-jhxxfXIZdIrogkA/edit#gid=2048049799", "פתח גיליון") -> פתח גיליון
A25: 13 | B25: אישורים והוראות לקוח | C25: =HYPERLINK("https://docs.google.com/spreadsheets/d/1ON4l0rpY35dBfrB0jgjQFR2HGOe-jhxxfXIZdIrogkA/edit#gid=641230538", "פתח גיליון") -> פתח גיליון
A26: 14 | B26: חובות מס לתשלום | C26: =HYPERLINK("https://docs.google.com/spreadsheets/d/1ON4l0rpY35dBfrB0jgjQFR2HGOe-jhxxfXIZdIrogkA/edit#gid=23401743", "פתח גיליון") -> פתח גיליון
A27: 14 | B27: תבנית חובת תשלום | C27: =HYPERLINK("https://docs.google.com/spreadsheets/d/1ON4l0rpY35dBfrB0jgjQFR2HGOe-jhxxfXIZdIrogkA/edit#gid=1441623654", "פתח גיליון") -> פתח גיליון
A28: 15 | B28: הרצת שכר | C28: =HYPERLINK("https://docs.google.com/spreadsheets/d/1ON4l0rpY35dBfrB0jgjQFR2HGOe-jhxxfXIZdIrogkA/edit#gid=1206338352", "פתח גיליון") -> פתח גיליון
A29: 16 | B29: רשימת עובדי לקוחות | C29: =HYPERLINK("https://docs.google.com/spreadsheets/d/1ON4l0rpY35dBfrB0jgjQFR2HGOe-jhxxfXIZdIrogkA/edit#gid=1592369228", "פתח גיליון") -> פתח גיליון

Sheet תבנית
G1: מעבר לדף הבית | H1: מעבר מהיר לגיליון: | I1: ZDSFA | J1: =VLOOKUP(I1,'אינדקס'!B13:C91,2) -> פתח גיליון | L1: מעבר לתהליכי עבודה | S1: מעבר לטבלת השדות | U1: מעבר לדף הבית | V1: מעבר מהיר לגיליון: | W1: DFA | X1: =VLOOKUP(W1,'אינדקס'!B13:C91,2) -> פתח גיליון
F2: =CONCATENATE("🎯 מטרות-העל: ", 'אינדקס'!$B$5) -> 🎯 מטרות-העל: https://docs.google.com/open?id=16lBROr6DmzGS3AaRedcxxBk5nYQMegngfhrp90Jz1JQ | T2: =CONCATENATE("🎯 מטרות-העל: ", 'אינדקס'!$B$5) -> 🎯 מטרות-העל: https://docs.google.com/open?id=16lBROr6DmzGS3AaRedcxxBk5nYQMegngfhrp90Jz1JQ
F4: =IF(G4="","",ROW()-6) | R4: =IF(S4="","",ROW()-6) | T4: =IF(U4="","",ROW()-6)
F5: =IF(G5="","",ROW()-6) | R5: =IF(S5="","",ROW()-6) | T5: =IF(U5="","",ROW()-6)
F6: =IF(G6="","",ROW()-6) | R6: =IF(S6="","",ROW()-6) | T6: =IF(U6="","",ROW()-6)
F7: =IF(G7="","",ROW()-6) | R7: =IF(S7="","",ROW()-6) | T7: =IF(U7="","",ROW()-6)
F9: # | G9: קבוצת שדות | H9: שם שדה | I9: סוג שדה | J9: חובה/רשות | K9: ערכים אפשריים | L9: הערות | R9: # | S9: שם התהליך | T9: סוג טריגר | U9: פרטי טריגר | V9: תנאי הפעלה (שדה+לוגיקה) | W9: סטטוס איפיון | X9: הערות | AA9: שם תהליך | AB9: סוג פעולה | AC9: תיואר פעולה קצר | AD9: תיאור מפורט
B10: שם קבוצה | C10: חוזת או לא | F10: =IF(G10="","",ROW()-9) | J10: FALSE | R10: =IF(S10="","",ROW()-6)
C11: FALSE | F11: =IF(G11="","",ROW()-9) | J11: FALSE | R11: =IF(S11="","",ROW()-6)
C12: FALSE | F12: =IF(G12="","",ROW()-9) | J12: FALSE | R12: =IF(S12="","",ROW()-6)
C13: FALSE | F13: =IF(G13="","",ROW()-9) | J13: FALSE | R13: =IF(S13="","",ROW()-6)
C14: FALSE | F14: =IF(G14="","",ROW()-9) | J14: FALSE | R14: =IF(S14="","",ROW()-6)
C15: FALSE | F15: =IF(G15="","",ROW()-9) | J15: FALSE | R15: =IF(S15="","",ROW()-6)
C16: FALSE | F16: =IF(G16="","",ROW()-9) | J16: FALSE | R16: =IF(S16="","",ROW()-6)
C17: FALSE | F17: =IF(G17="","",ROW()-9) | J17: FALSE | R17: =IF(S17="","",ROW()-6)
C18: FALSE | F18: =IF(G18="","",ROW()-9) | J18: FALSE | R18: =IF(S18="","",ROW()-6)
C19: FALSE | F19: =IF(G19="","",ROW()-9) | J19: FALSE | R19: =IF(S19="","",ROW()-6)
C20: FALSE | F20: =IF(G20="","",ROW()-9) | J20: FALSE | R20: =IF(S20="","",ROW()-6)
C21: FALSE | F21: =IF(G21="","",ROW()-9) | J21: FALSE | R21: =IF(S21="","",ROW()-6)
C22: FALSE | F22: =IF(G22="","",ROW()-9) | J22: FALSE | R22: =IF(S22="","",ROW()-6)
... C30: FALSE | F30: =IF(G30="","",ROW()-9) | J30: FALSE | R30: =IF(S30="","",ROW()-6)
F31: =IF(G31="","",ROW()-9) | J31: FALSE | R31: =IF(S31="","",ROW()-6)
F32: =IF(G32="","",ROW()-9) | J32: FALSE | R32: =IF(S32="","",ROW()-6)
F33: =IF(G33="","",ROW()-9) | J33: FALSE | R33: =IF(S33="","",ROW()-6)
F34: =IF(G34="","",ROW()-9) | J34: FALSE | R34: =IF(S34="","",ROW()-6)
F35: =IF(G35="","",ROW()-9) | J35: FALSE | R35: =IF(S35="","",ROW()-6)
F36: =IF(G36="","",ROW()-9) | J36: FALSE | R36: =IF(S36="","",ROW()-6)
F37: =IF(G37="","",ROW()-9) | J37: FALSE | R37: =IF(S37="","",ROW()-6)
F38: =IF(G38="","",ROW()-9) | J38: FALSE | R38: =IF(S38="","",ROW()-6)
F39: =IF(G39="","",ROW()-9) | J39: FALSE | R39: =IF(S39="","",ROW()-6)
F40: =IF(G40="","",ROW()-9) | J40: FALSE | R40: =IF(S40="","",ROW()-6)
F41: =IF(G41="","",ROW()-9) | J41: FALSE | R41: =IF(S41="","",ROW()-6)
F42: =IF(G42="","",ROW()-9) | J42: FALSE | R42: =IF(S42="","",ROW()-6)
... F69: =IF(G69="","",ROW()-9) | J69: FALSE | R69: =IF(S69="","",ROW()-6)
F70: =IF(G70="","",ROW()-6) | J70: FALSE | R70: =IF(S70="","",ROW()-6)
F71: =IF(G71="","",ROW()-6) | J71: FALSE | R71: =IF(S71="","",ROW()-6)
F72: =IF(G72="","",ROW()-6) | J72: FALSE | R72: =IF(S72="","",ROW()-6)
F73: =IF(G73="","",ROW()-6) | J73: FALSE | R73: =IF(S73="","",ROW()-6)
F74: =IF(G74="","",ROW()-6) | J74: FALSE | R74: =IF(S74="","",ROW()-6)
F75: =IF(G75="","",ROW()-6) | J75: FALSE | R75: =IF(S75="","",ROW()-6)
F76: =IF(G76="","",ROW()-6) | J76: FALSE | R76: =IF(S76="","",ROW()-6)
F77: =IF(G77="","",ROW()-6) | J77: FALSE | R77: =IF(S77="","",ROW()-6)
F78: =IF(G78="","",ROW()-6) | J78: FALSE | R78: =IF(S78="","",ROW()-6)
F79: =IF(G79="","",ROW()-6) | J79: FALSE | R79: =IF(S79="","",ROW()-6)
F80: =IF(G80="","",ROW()-6) | J80: FALSE | R80: =IF(S80="","",ROW()-6)
F81: =IF(G81="","",ROW()-6) | J81: FALSE | R81: =IF(S81="","",ROW()-6)
... F100: =IF(G100="","",ROW()-6) | J100: FALSE | R100: =IF(S100="","",ROW()-6)
F101: =IF(G101="","",ROW()-6) | R101: =IF(S101="","",ROW()-6)
F102: =IF(G102="","",ROW()-6) | R102: =IF(S102="","",ROW()-6)
F103: =IF(G103="","",ROW()-6) | R103: =IF(S103="","",ROW()-6)
F104: =IF(G104="","",ROW()-6) | R104: =IF(S104="","",ROW()-6)
F105: =IF(G105="","",ROW()-6) | R105: =IF(S105="","",ROW()-6)
F106: =IF(G106="","",ROW()-6) | R106: =IF(S106="","",ROW()-6)
F107: =IF(G107="","",ROW()-6) | R107: =IF(S107="","",ROW()-6)
F108: =IF(G108="","",ROW()-6) | R108: =IF(S108="","",ROW()-6)
F109: =IF(G109="","",ROW()-6) | R109: =IF(S109="","",ROW()-6)
F110: =IF(G110="","",ROW()-6) | R110: =IF(S110="","",ROW()-6)
F111: =IF(G111="","",ROW()-6) | R111: =IF(S111="","",ROW()-6)
F112: =IF(G112="","",ROW()-6) | R112: =IF(S112="","",ROW()-6)
... F198: =IF(G198="","",ROW()-6) | R198: =IF(S198="","",ROW()-6)

Sheet אנשי קשר
G1: מעבר לדף הבית | H1: מעבר מהיר לגיליון: | I1: ישעי קליין | J1: אנשי קשר | L1: מעבר לתהליכי עבודה | W1: מעבר לטבלת השדות | Y1: מעבר לדף הבית | Z1: מעבר מהיר לגיליון: | AA1: DFA | AB1: =VLOOKUP(AA1,'אינדקס'!B13:C91,2) -> פתח גיליון
F2: =CONCATENATE("🎯 מטרות-העל: ", 'אינדקס'!$B$5) -> 🎯 מטרות-העל: https://docs.google.com/open?id=16lBROr6DmzGS3AaRedcxxBk5nYQMegngfhrp90Jz1JQ | X2: =CONCATENATE("🎯 מטרות-העל: ", 'אינדקס'!$B$5) -> 🎯 מטרות-העל: https://docs.google.com/open?id=16lBROr6DmzGS3AaRedcxxBk5nYQMegngfhrp90Jz1JQ
F4: =IF(G4="","",ROW()-6) | V4: =IF(W4="","",ROW()-6) | X4: =IF(Y4="","",ROW()-6)
F5: =IF(G5="","",ROW()-6) | V5: =IF(W5="","",ROW()-6) | X5: =IF(Y5="","",ROW()-6)
F6: =IF(G6="","",ROW()-6) | V6: =IF(W6="","",ROW()-6) | X6: =IF(Y6="","",ROW()-6)
F7: =IF(G7="","",ROW()-6) | V7: =IF(W7="","",ROW()-6) | X7: =IF(Y7="","",ROW()-6)
F9: # | G9: קבוצת שדות | H9: שם שדה | I9: סוג שדה | J9: חובה/רשות | K9: ערכים אפשריים | L9: הערות | M9: הרשאות צפייה | N9: הרשאות עריכה | O9: הרשאות צפייה 2 | P9: הרשאות עריכה 2 | V9: # | W9: שם התהליך | X9: סוג טריגר | Y9: פרטי טריגר | Z9: תנאי הפעלה (שדה+לוגיקה) | AA9: סטטוס איפיון | AB9: הערות | AE9: שם תהליך | AF9: סוג פעולה | AG9: תיואר פעולה קצר | AH9: תיאור מפורט
B10: שם קבוצה | C10: חוזת או לא | F10: =IF(G10="","",ROW()-9) -> 1 | G10: פרטי איש קשר | H10: קישור ללקוח | I10: קישור למופע אחר | J10: TRUE | K10: יישות לקישור | V10: =IF(W10="","",ROW()-6)
B11: פרטי איש קשר | C11: FALSE | F11: =IF(G11="","",ROW()-9) -> 2 | G11: פרטי איש קשר | H11: שם פרטי | I11: שדה טקסט | J11: TRUE | V11: =IF(W11="","",ROW()-6)
B12: פרטי תקשורת | C12: TRUE | F12: =IF(G12="","",ROW()-9) -> 3 | G12: פרטי איש קשר | H12: שם משפחה | I12: שדה טקסט | J12: TRUE | V12: =IF(W12="","",ROW()-6)
C13: FALSE | F13: =IF(G13="","",ROW()-9) -> 4 | G13: פרטי איש קשר | H13: תפקיד | I13: תיבת בחירה | J13: TRUE | V13: =IF(W13="","",ROW()-6)
C14: FALSE | F14: =IF(G14="","",ROW()-9) -> 5 | G14: פרטי איש קשר | H14: הרשאות | I14: בחירה מרובה | J14: TRUE | V14: =IF(W14="","",ROW()-6)
C15: FALSE | F15: =IF(G15="","",ROW()-9) -> 6 | G15: פרטי איש קשר | H15: מידע נוסף | I15: איזור שדה טקסט | J15: FALSE | V15: =IF(W15="","",ROW()-6)
C16: FALSE | F16: =IF(G16="","",ROW()-9) -> 7 | G16: פרטי איש קשר | H16: תפקיד בהקלדה חופשית | I16: בחירה מרובה חופשית | J16: FALSE | V16: =IF(W16="","",ROW()-6)
C17: FALSE | F17: =IF(G17="","",ROW()-9) -> 8 | G17: פרטי איש קשר | H17: פירוט הרשאות | I17: איזור שדה טקסט | J17: FALSE | V17: =IF(W17="","",ROW()-6)
C18: FALSE | F18: =IF(G18="","",ROW()-9) -> 9 | G18: פרטי איש קשר | H18: תחומי אחריות | I18: בחירה מרובה | J18: FALSE | V18: =IF(W18="","",ROW()-6)
C19: FALSE | F19: =IF(G19="","",ROW()-9) -> 10 | G19: פרטי תקשורת | H19: סוג | I19: תיבת בחירה | J19: TRUE | K19: וואצאפ/פקס/אימייל/טלפון | V19: =IF(W19="","",ROW()-6)
C20: FALSE | F20: =IF(G20="","",ROW()-9) -> 11 | G20: פרטי תקשורת | H20: דוא"ל | I20: שדה דואר אלקטרוני | J20: TRUE | V20: =IF(W20="","",ROW()-6)
C21: FALSE | F21: =IF(G21="","",ROW()-9) -> 12 | G21: פרטי תקשורת | H21: טלפון | I21: שדה טלפון | J21: FALSE | V21: =IF(W21="","",ROW()-6)
C22: FALSE | F22: =IF(G22="","",ROW()-9) -> 13 | G22: פרטי תקשורת | H22: מידע נוסף | I22: שדה טקסט | J22: FALSE | V22: =IF(W22="","",ROW()-6)
C23: FALSE | F23: =IF(G23="","",ROW()-9) -> 14 | G23: פרטי תקשורת | H23: עדיפות תקשורת | I23: צ'ק בוקס | J23: FALSE | V23: =IF(W23="","",ROW()-6)
C24: FALSE | F24: =IF(G24="","",ROW()-9) | J24: FALSE | V24: =IF(W24="","",ROW()-6)
C25: FALSE | F25: =IF(G25="","",ROW()-9) | J25: FALSE | V25: =IF(W25="","",ROW()-6)
C26: FALSE | F26: =IF(G26="","",ROW()-9) | J26: FALSE | V26: =IF(W26="","",ROW()-6)
C27: FALSE | F27: =IF(G27="","",ROW()-9) | J27: FALSE | V27: =IF(W27="","",ROW()-6)
C28: FALSE | F28: =IF(G28="","",ROW()-9) | J28: FALSE | V28: =IF(W28="","",ROW()-6)
C29: FALSE | F29: =IF(G29="","",ROW()-9) | J29: FALSE | V29: =IF(W29="","",ROW()-6)
C30: FALSE | F30: =IF(G30="","",ROW()-9) | J30: FALSE | V30: =IF(W30="","",ROW()-6)
F31: =IF(G31="","",ROW()-9) | J31: FALSE | V31: =IF(W31="","",ROW()-6)
F32: =IF(G32="","",ROW()-9) | J32: FALSE | V32: =IF(W32="","",ROW()-6)
F33: =IF(G33="","",ROW()-9) | J33: FALSE | V33: =IF(W33="","",ROW()-6)
F34: =IF(G34="","",ROW()-9) | J34: FALSE | V34: =IF(W34="","",ROW()-6)
F35: =IF(G35="","",ROW()-9) | J35: FALSE | V35: =IF(W35="","",ROW()-6)
F36: =IF(G36="","",ROW()-9) | J36: FALSE | V36: =IF(W36="","",ROW()-6)
F37: =IF(G37="","",ROW()-9) | J37: FALSE | V37: =IF(W37="","",ROW()-6)
F38: =IF(G38="","",ROW()-9) | J38: FALSE | V38: =IF(W38="","",ROW()-6)
F39: =IF(G39="","",ROW()-9) | J39: FALSE | V39: =IF(W39="","",ROW()-6)
F40: =IF(G40="","",ROW()-9) | J40: FALSE | V40: =IF(W40="","",ROW()-6)
F41: =IF(G41="","",ROW()-9) | J41: FALSE | V41: =IF(W41="","",ROW()-6)
F42: =IF(G42="","",ROW()-9) | J42: FALSE | V42: =IF(W42="","",ROW()-6)
... F69: =IF(G69="","",ROW()-9) | J69: FALSE | V69: =IF(W69="","",ROW()-6)
F70: =IF(G70="","",ROW()-6) | J70: FALSE | V70: =IF(W70="","",ROW()-6)
F71: =IF(G71="","",ROW()-6) | J71: FALSE | V71: =IF(W71="","",ROW()-6)
F72: =IF(G72="","",ROW()-6) | J72: FALSE | V72: =IF(W72="","",ROW()-6)
F73: =IF(G73="","",ROW()-6) | J73: FALSE | V73: =IF(W73="","",ROW()-6)
F74: =IF(G74="","",ROW()-6) | J74: FALSE | V74: =IF(W74="","",ROW()-6)
F75: =IF(G75="","",ROW()-6) | J75: FALSE | V75: =IF(W75="","",ROW()-6)
F76: =IF(G76="","",ROW()-6) | J76: FALSE | V76: =IF(W76="","",ROW()-6)
F77: =IF(G77="","",ROW()-6) | J77: FALSE | V77: =IF(W77="","",ROW()-6)
F78: =IF(G78="","",ROW()-6) | J78: FALSE | V78: =IF(W78="","",ROW()-6)
F79: =IF(G79="","",ROW()-6) | J79: FALSE | V79: =IF(W79="","",ROW()-6)
F80: =IF(G80="","",ROW()-6) | J80: FALSE | V80: =IF(W80="","",ROW()-6)
F81: =IF(G81="","",ROW()-6) | J81: FALSE | V81: =IF(W81="","",ROW()-6)
... F100: =IF(G100="","",ROW()-6) | J100: FALSE | V100: =IF(W100="","",ROW()-6)
F101: =IF(G101="","",ROW()-6) | V101: =IF(W101="","",ROW()-6)
F102: =IF(G102="","",ROW()-6) | V102: =IF(W102="","",ROW()-6)
F103: =IF(G103="","",ROW()-6) | V103: =IF(W103="","",ROW()-6)
F104: =IF(G104="","",ROW()-6) | V104: =IF(W104="","",ROW()-6)
F105: =IF(G105="","",ROW()-6) | V105: =IF(W105="","",ROW()-6)
F106: =IF(G106="","",ROW()-6) | V106: =IF(W106="","",ROW()-6)
F107: =IF(G107="","",ROW()-6) | V107: =IF(W107="","",ROW()-6)
F108: =IF(G108="","",ROW()-6) | V108: =IF(W108="","",ROW()-6)
F109: =IF(G109="","",ROW()-6) | V109: =IF(W109="","",ROW()-6)
F110: =IF(G110="","",ROW()-6) | V110: =IF(W110="","",ROW()-6)
F111: =IF(G111="","",ROW()-6) | V111: =IF(W111="","",ROW()-6)
F112: =IF(G112="","",ROW()-6) | V112: =IF(W112="","",ROW()-6)
... F198: =IF(G198="","",ROW()-6) | V198: =IF(W198="","",ROW()-6)

Sheet בק אנד (סוגי ישיות)
G1: מעבר לדף הבית | H1: מעבר מהיר לגיליון: | I1: ZDSFA | J1: =VLOOKUP(I1,'אינדקס'!B13:C91,2) -> פתח גיליון | L1: מעבר לתהליכי עבודה | W1: מעבר לטבלת השדות | Y1: מעבר לדף הבית | Z1: מעבר מהיר לגיליון: | AA1: DFA | AB1: =VLOOKUP(AA1,'אינדקס'!B13:C91,2) -> פתח גיליון
F2: =CONCATENATE("🎯 מטרות-העל: ", 'אינדקס'!$B$5) -> 🎯 מטרות-העל: https://docs.google.com/open?id=16lBROr6DmzGS3AaRedcxxBk5nYQMegngfhrp90Jz1JQ | X2: =CONCATENATE("🎯 מטרות-העל: ", 'אינדקס'!$B$5) -> 🎯 מטרות-העל: https://docs.google.com/open?id=16lBROr6DmzGS3AaRedcxxBk5nYQMegngfhrp90Jz1JQ
F4: =IF(G4="","",ROW()-6) | V4: =IF(W4="","",ROW()-6) | X4: =IF(Y4="","",ROW()-6)
F5: =IF(G5="","",ROW()-6) | V5: =IF(W5="","",ROW()-6) | X5: =IF(Y5="","",ROW()-6)
F6: =IF(G6="","",ROW()-6) | V6: =IF(W6="","",ROW()-6) | X6: =IF(Y6="","",ROW()-6)
F7: =IF(G7="","",ROW()-6) | V7: =IF(W7="","",ROW()-6) | X7: =IF(Y7="","",ROW()-6)
F9: # | G9: קבוצת שדות | H9: שם שדה | I9: סוג שדה | J9: חובה/רשות | K9: ערכים אפשריים | L9: הערות | M9: הרשאות צפייה | N9: הרשאות עריכה | O9: הרשאות צפייה 2 | P9: הרשאות עריכה 2 | V9: # | W9: שם התהליך | X9: סוג טריגר | Y9: פרטי טריגר | Z9: תנאי הפעלה (שדה+לוגיקה) | AA9: סטטוס איפיון | AB9: הערות | AE9: שם תהליך | AF9: סוג פעולה | AG9: תיואר פעולה קצר | AH9: תיאור מפורט
B10: שם קבוצה | C10: חוזת או לא | F10: =IF(G10="","",ROW()-9) -> 1 | G10: סוג יישיות | H10: שם הסוג | I10: שדה טקסט | J10: TRUE | V10: =IF(W10="","",ROW()-6)
B11: סוג יישיות | C11: FALSE | F11: =IF(G11="","",ROW()-9) -> 2 | G11: סוג יישיות | H11: שירותים רלוונטיים | I11: קישור למופעים מרובים | J11: FALSE | V11: =IF(W11="","",ROW()-6)
C12: FALSE | F12: =IF(G12="","",ROW()-9) | J12: FALSE | V12: =IF(W12="","",ROW()-6)
C13: FALSE | F13: =IF(G13="","",ROW()-9) | J13: FALSE | V13: =IF(W13="","",ROW()-6)
C14: FALSE | F14: =IF(G14="","",ROW()-9) | J14: FALSE | V14: =IF(W14="","",ROW()-6)
C15: FALSE | F15: =IF(G15="","",ROW()-9) | J15: FALSE | V15: =IF(W15="","",ROW()-6)
C16: FALSE | F16: =IF(G16="","",ROW()-9) | J16: FALSE | V16: =IF(W16="","",ROW()-6)
C17: FALSE | F17: =IF(G17="","",ROW()-9) | J17: FALSE | V17: =IF(W17="","",ROW()-6)
C18: FALSE | F18: =IF(G18="","",ROW()-9) | J18: FALSE | V18: =IF(W18="","",ROW()-6)
C19: FALSE | F19: =IF(G19="","",ROW()-9) | J19: FALSE | V19: =IF(W19="","",ROW()-6)
C20: FALSE | F20: =IF(G20="","",ROW()-9) | J20: FALSE | V20: =IF(W20="","",ROW()-6)
C21: FALSE | F21: =IF(G21="","",ROW()-9) | J21: FALSE | V21: =IF(W21="","",ROW()-6)
C22: FALSE | F22: =IF(G22="","",ROW()-9) | J22: FALSE | V22: =IF(W22="","",ROW()-6)
C23: FALSE | F23: =IF(G23="","",ROW()-9) | J23: FALSE | V23: =IF(W23="","",ROW()-6)
... C30: FALSE | F30: =IF(G30="","",ROW()-9) | J30: FALSE | V30: =IF(W30="","",ROW()-6)
F31: =IF(G31="","",ROW()-9) | J31: FALSE | V31: =IF(W31="","",ROW()-6)
F32: =IF(G32="","",ROW()-9) | J32: FALSE | V32: =IF(W32="","",ROW()-6)
F33: =IF(G33="","",ROW()-9) | J33: FALSE | V33: =IF(W33="","",ROW()-6)
F34: =IF(G34="","",ROW()-9) | J34: FALSE | V34: =IF(W34="","",ROW()-6)
F35: =IF(G35="","",ROW()-9) | J35: FALSE | V35: =IF(W35="","",ROW()-6)
F36: =IF(G36="","",ROW()-9) | J36: FALSE | V36: =IF(W36="","",ROW()-6)
F37: =IF(G37="","",ROW()-9) | J37: FALSE | V37: =IF(W37="","",ROW()-6)
F38: =IF(G38="","",ROW()-9) | J38: FALSE | V38: =IF(W38="","",ROW()-6)
F39: =IF(G39="","",ROW()-9) | J39: FALSE | V39: =IF(W39="","",ROW()-6)
F40: =IF(G40="","",ROW()-9) | J40: FALSE | V40: =IF(W40="","",ROW()-6)
F41: =IF(G41="","",ROW()-9) | J41: FALSE | V41: =IF(W41="","",ROW()-6)
F42: =IF(G42="","",ROW()-9) | J42: FALSE | V42: =IF(W42="","",ROW()-6)
... F69: =IF(G69="","",ROW()-9) | J69: FALSE | V69: =IF(W69="","",ROW()-6)
F70: =IF(G70="","",ROW()-6) | J70: FALSE | V70: =IF(W70="","",ROW()-6)
F71: =IF(G71="","",ROW()-6) | J71: FALSE | V71: =IF(W71="","",ROW()-6)
F72: =IF(G72="","",ROW()-6) | J72: FALSE | V72: =IF(W72="","",ROW()-6)
F73: =IF(G73="","",ROW()-6) | J73: FALSE | V73: =IF(W73="","",ROW()-6)
F74: =IF(G74="","",ROW()-6) | J74: FALSE | V74: =IF(W74="","",ROW()-6)
F75: =IF(G75="","",ROW()-6) | J75: FALSE | V75: =IF(W75="","",ROW()-6)
F76: =IF(G76="","",ROW()-6) | J76: FALSE | V76: =IF(W76="","",ROW()-6)
F77: =IF(G77="","",ROW()-6) | J77: FALSE | V77: =IF(W77="","",ROW()-6)
F78: =IF(G78="","",ROW()-6) | J78: FALSE | V78: =IF(W78="","",ROW()-6)
F79: =IF(G79="","",ROW()-6) | J79: FALSE | V79: =IF(W79="","",ROW()-6)
F80: =IF(G80="","",ROW()-6) | J80: FALSE | V80: =IF(W80="","",ROW()-6)
F81: =IF(G81="","",ROW()-6) | J81: FALSE | V81: =IF(W81="","",ROW()-6)
... F100: =IF(G100="","",ROW()-6) | J100: FALSE | V100: =IF(W100="","",ROW()-6)
F101: =IF(G101="","",ROW()-6) | V101: =IF(W101="","",ROW()-6)
F102: =IF(G102="","",ROW()-6) | V102: =IF(W102="","",ROW()-6)
F103: =IF(G103="","",ROW()-6) | V103: =IF(W103="","",ROW()-6)
F104: =IF(G104="","",ROW()-6) | V104: =IF(W104="","",ROW()-6)
F105: =IF(G105="","",ROW()-6) | V105: =IF(W105="","",ROW()-6)
F106: =IF(G106="","",ROW()-6) | V106: =IF(W106="","",ROW()-6)
F107: =IF(G107="","",ROW()-6) | V107: =IF(W107="","",ROW()-6)
F108: =IF(G108="","",ROW()-6) | V108: =IF(W108="","",ROW()-6)
F109: =IF(G109="","",ROW()-6) | V109: =IF(W109="","",ROW()-6)
F110: =IF(G110="","",ROW()-6) | V110: =IF(W110="","",ROW()-6)
F111: =IF(G111="","",ROW()-6) | V111: =IF(W111="","",ROW()-6)
F112: =IF(G112="","",ROW()-6) | V112: =IF(W112="","",ROW()-6)
... F198: =IF(G198="","",ROW()-6) | V198: =IF(W198="","",ROW()-6)

Sheet לקוחות
G1: מעבר לדף הבית | H1: מעבר מהיר לגיליון: | I1: משימות | J1: =VLOOKUP(I1,'אינדקס'!B13:C91,2,0) -> פתח גיליון | L1: מעבר לתהליכי עבודה | W1: מעבר לטבלת השדות | Y1: מעבר לדף הבית | Z1: מעבר מהיר לגיליון: | AA1: DFA | AB1: =VLOOKUP(AA1,'אינדקס'!B13:C91,2) -> פתח גיליון
F2: =CONCATENATE("🎯 מטרות-העל: ", 'אינדקס'!$B$5) -> 🎯 מטרות-העל: https://docs.google.com/open?id=16lBROr6DmzGS3AaRedcxxBk5nYQMegngfhrp90Jz1JQ | X2: =CONCATENATE("🎯 מטרות-העל: ", 'אינדקס'!$B$5) -> 🎯 מטרות-העל: https://docs.google.com/open?id=16lBROr6DmzGS3AaRedcxxBk5nYQMegngfhrp90Jz1JQ
E3: מטרת היישות יישות לקוח מאגדת את כל המידע שהמשרד שומר על לקוח ממידע שימושי ועד מידע כללי כל מידע שהוא קשור לעבודה סביב לקוח קיים פה כל מידע שחשוב לשמור על העסק החל ממידע גולמי ועד למשתנה ממססימאות ועד מידע יבש
F4: =IF(G4="","",ROW()-6) | V4: =IF(W4="","",ROW()-6) | X4: =IF(Y4="","",ROW()-6)
F5: =IF(G5="","",ROW()-6) | V5: =IF(W5="","",ROW()-6) | X5: =IF(Y5="","",ROW()-6)
F6: =IF(G6="","",ROW()-6) | V6: =IF(W6="","",ROW()-6) | X6: =IF(Y6="","",ROW()-6)
F7: =IF(G7="","",ROW()-6) | V7: =IF(W7="","",ROW()-6) | X7: =IF(Y7="","",ROW()-6)
F9: # | G9: טי | H9: שם שדה | I9: סוג שדה | J9: חובה/רשות | K9: ערכים אפשריים | L9: הערות | M9: הרשאות צפייה | N9: הרשאות עריכה | V9: # | W9: שם התהליך | X9: סוג טריגר | Y9: פרטי טריגר | Z9: תנאי הפעלה (שדה+לוגיקה) | AA9: סטטוס איפיון | AB9: הערות | AE9: שם תהליך | AF9: סוג פעולה | AG9: תיואר פעולה קצר | AH9: תיאור מפורט
B10: שם קבוצה | C10: חוזת או לא | F10: =IF(G10="","",ROW()-9) -> 1 | G10: הערה מקצועית | H10: תוכן ההערה | I10: איזור שדה טקסט | J10: FALSE | M10: מפתח / מנהל מערכת, בעל/ת המשרד, מנהל צוות, מנהל/ת חשבונות, חשב/ת שכר, יועץ/ת מס, מתמחה, מנהל/ת משרד, "צופה / רו""ח חיצוני", מערכת / אוטומציה | N10: מפתח / מנהל מערכת, בעל/ת המשרד, מנהל צוות, מנהל/ת חשבונות, חשב/ת שכר, יועץ/ת מס, מנהל/ת משרד, מערכת / אוטומציה | V10: =IF(W10="","",ROW()-6) -> 4 | W10: שם לקוח כאיש קשר | X10: מופע או שדה | Y10: בעת יצירת המופע | AA10: באפיון | AE10: שם לקוח כאיש קשר | AF10: המרת מופע | AG10: יצירת מופע ביישות "איש קשר עם פרטיו של הלוקח וסימון כבעלים
A11: פרטים איישים של לקוח מאגד תחתיו את המידע האישי על הלקוח עצמו זה שהוא חתום על העסקאות ונושא את האחריות האישית לכל ההסכמים | B11: פרטים אישיים לקוח | F11: =IF(G11="","",ROW()-9) -> 2 | G11: הערה מקצועית | H11: מס' | I11: בחירה מטווח מספרים | J11: FALSE | K11: מספר בלבד | L11: מיספור חשיבות | M11: מפתח / מנהל מערכת, בעל/ת המשרד, מנהל צוות, מנהל/ת חשבונות, חשב/ת שכר, יועץ/ת מס, מתמחה, מנהל/ת משרד, "צופה / רו""ח חיצוני", מערכת / אוטומציה | N11: מפתח / מנהל מערכת, בעל/ת המשרד, מנהל צוות, מנהל/ת חשבונות, חשב/ת שכר, יועץ/ת מס, מנהל/ת משרד, מערכת / אוטומציה | V11: =IF(W11="","",ROW()-6)
A12: פרטים החוקיים של היישות (העסק כהגדרתו החוקית) | B12: פרטי יישות משפטית | C12: FALSE | F12: =IF(G12="","",ROW()-6) -> 6 | G12: הערה מקצועית | H12: בתוקף? | I12: שדה נוסחה | J12: FALSE | K12: מחשב תוקף טקסטואלי | L12: חישוב עם עדיין בתוקף | M12: מפתח / מנהל מערכת, בעל/ת המשרד, מנהל צוות, מנהל/ת חשבונות, חשב/ת שכר, יועץ/ת מס, מתמחה, מנהל/ת משרד, "צופה / רו""ח חיצוני", מערכת / אוטומציה | N12: מפתח / מנהל מערכת, בעל/ת המשרד, מנהל צוות, מנהל/ת חשבונות, חשב/ת שכר, יועץ/ת מס, מנהל/ת משרד, מערכת / אוטומציה | V12: =IF(W12="","",ROW()-6)
A13: פריטיו המלאים על של העסק ועל העסק | B13: פרטי העסק | C13: FALSE | F13: =IF(G13="","",ROW()-6) -> 7 | G13: הערה מקצועית | H13: תאריך החלה | I13: שדה תאריך/זמן | J13: FALSE | M13: מפתח / מנהל מערכת, בעל/ת המשרד, מנהל צוות, מנהל/ת חשבונות, חשב/ת שכר, יועץ/ת מס, מתמחה, מנהל/ת משרד, "צופה / רו""ח חיצוני", מערכת / אוטומציה | N13: מפתח / מנהל מערכת, בעל/ת המשרד, מנהל צוות, מנהל/ת חשבונות, חשב/ת שכר, יועץ/ת מס, מנהל/ת משרד, מערכת / אוטומציה | V13: =IF(W13="","",ROW()-6)
A14: פרטי התקשורת הכללים של העסק הרשמיים ולא של איש קשר ספציפי | B14: פרטי תיקשורת כלליים | C14: TRUE | F14: =IF(G14="","",ROW()-6) -> 8 | G14: הערה מקצועית | H14: תאריך פקיעת תוקף | I14: שדה תאריך/זמן | J14: FALSE | M14: מפתח / מנהל מערכת, בעל/ת המשרד, מנהל צוות, מנהל/ת חשבונות, חשב/ת שכר, יועץ/ת מס, מתמחה, מנהל/ת משרד, "צופה / רו""ח חיצוני", מערכת / אוטומציה | N14: מפתח / מנהל מערכת, בעל/ת המשרד, מנהל צוות, מנהל/ת חשבונות, חשב/ת שכר, יועץ/ת מס, מנהל/ת משרד, מערכת / אוטומציה | V14: =IF(W14="","",ROW()-6)
A15: פרטין של הלקוח מול רשיות החוק והמדינה | B15: פרטים מול הרשויות | C15: FALSE | F15: =IF(G15="","",ROW()-6) -> 9 | G15: הערה מקצועית | H15: בתוקף ? מוסתר | I15: שדה נוסחה | J15: FALSE | K15: מחשב תוקף בינארי 0/1 | V15: =IF(W15="","",ROW()-6)
A16: פרטי חשבונות הבנק של העסק קבוצה חוזרת כדיעלתת אפשרות להוסיף חשבונות בלי הגבלה | B16: פרטי חשבון בנק | C16: TRUE | F16: =IF(G16="","",ROW()-9) -> 7 | G16: מידע חשוב | H16: שם מערכת | I16: שדה טקסט | J16: FALSE | M16: מפתח / מנהל מערכת, בעל/ת המשרד, מנהל צוות, מנהל/ת משרד | N16: מפתח / מנהל מערכת, בעל/ת המשרד, מנהל צוות, מנהל/ת משרד | V16: =IF(W16="","",ROW()-6)
A17: פרטי העסק כלקוח מתגייות ועד איש קשר רשמי וכו' | B17: פרטי לקוח | C17: FALSE | F17: =IF(G17="","",ROW()-6) -> 11 | G17: מידע חשוב | H17: שם משתמש | I17: שדה טקסט | J17: FALSE | M17: מפתח / מנהל מערכת, בעל/ת המשרד, מנהל צוות, מנהל/ת משרד | N17: מפתח / מנהל מערכת, בעל/ת המשרד, מנהל צוות, מנהל/ת משרד | V17: =IF(W17="","",ROW()-6)
A18: קבוצה חוזרת של הערות עם תוקף שיהי מידע רלוונטי לזמנים לדוגמא המנכ"ל בחופשא בין תאריכים X יש ליהות בקשר עם Y | B18: הערה מקצועית | C18: TRUE | F18: =IF(G18="","",ROW()-6) -> 12 | G18: מידע חשוב | H18: סיסמה | I18: שדה סיסמא | J18: FALSE | M18: מפתח / מנהל מערכת, בעל/ת המשרד, מנהל צוות, מנהל/ת משרד | N18: מפתח / מנהל מערכת, בעל/ת המשרד, מנהל צוות, מנהל/ת משרד | V18: =IF(W18="","",ROW()-6)
A19: מכיל את הקישוריות למעבר מהיר בין תכנים של הלקוח ביישות אחרות | B19: קישורים | C19: FALSE | F19: =IF(G19="","",ROW()-6) -> 13 | G19: מידע חשוב | H19: סוג היזדהות | I19: תיבת בחירה | J19: FALSE | M19: מפתח / מנהל מערכת, בעל/ת המשרד, מנהל צוות, מנהל/ת משרד | N19: מפתח / מנהל מערכת, בעל/ת המשרד, מנהל צוות, מנהל/ת משרד | V19: =IF(W19="","",ROW()-6)
A20: סיסמאות וכ' | B20: מידע חשוב | C20: TRUE | F20: =IF(G20="","",ROW()-6) -> 14 | G20: מידע חשוב | H20: תוקף | I20: שדה תאריך/זמן | J20: FALSE | M20: מפתח / מנהל מערכת, בעל/ת המשרד, מנהל צוות, מנהל/ת משרד | N20: מפתח / מנהל מערכת, בעל/ת המשרד, מנהל צוות, מנהל/ת משרד | V20: =IF(W20="","",ROW()-6)
C21: FALSE | F21: =IF(G21="","",ROW()-6) -> 15 | G21: מידע חשוב | H21: הערות | I21: איזור שדה טקסט | J21: FALSE | M21: מפתח / מנהל מערכת, בעל/ת המשרד, מנהל צוות, מנהל/ת משרד | N21: מפתח / מנהל מערכת, בעל/ת המשרד, מנהל צוות, מנהל/ת משרד | V21: =IF(W21="","",ROW()-6)
C22: FALSE | F22: =IF(G22="","",ROW()-6) -> 16 | G22: מידע חשוב | H22: תיוג | I22: בחירה מרובה חופשית | J22: FALSE | M22: מפתח / מנהל מערכת, בעל/ת המשרד, מנהל צוות, מנהל/ת משרד | N22: מפתח / מנהל מערכת, בעל/ת המשרד, מנהל צוות, מנהל/ת משרד | V22: =IF(W22="","",ROW()-6)
C23: FALSE | F23: =IF(G23="","",ROW()-9) -> 14 | G23: פרטי העסק | H23: שם העסק (מותג) | I23: שדה טקסט | J23: FALSE | M23: מפתח / מנהל מערכת, בעל/ת המשרד, מנהל צוות, מנהל/ת חשבונות, חשב/ת שכר, יועץ/ת מס, מתמחה, מנהל/ת משרד, "צופה / רו""ח חיצוני", לקוח (פורטל) | N23: מפתח / מנהל מערכת, בעל/ת המשרד, מנהל צוות, מנהל/ת משרד | V23: =IF(W23="","",ROW()-6)
C24: FALSE | F24: =IF(G24="","",ROW()-9) -> 15 | G24: פרטי העסק | H24: כתובת העסק | I24: בחירת כתובת | J24: FALSE | M24: מפתח / מנהל מערכת, בעל/ת המשרד, מנהל צוות, מנהל/ת חשבונות, חשב/ת שכר, יועץ/ת מס, מתמחה, מנהל/ת משרד, "צופה / רו""ח חיצוני", לקוח (פורטל) | N24: מפתח / מנהל מערכת, בעל/ת המשרד, מנהל צוות, מנהל/ת משרד | V24: =IF(W24="","",ROW()-6)
C25: FALSE | F25: =IF(G25="","",ROW()-9) -> 16 | G25: פרטי העסק | H25: אתר אינטרנט | I25: שדה הייפר קישור | J25: FALSE | M25: מפתח / מנהל מערכת, בעל/ת המשרד, מנהל צוות, מנהל/ת חשבונות, חשב/ת שכר, יועץ/ת מס, מתמחה, מנהל/ת משרד, "צופה / רו""ח חיצוני", לקוח (פורטל) | N25: מפתח / מנהל מערכת, בעל/ת המשרד, מנהל צוות, מנהל/ת משרד | V25: =IF(W25="","",ROW()-6)
C26: FALSE | F26: =IF(G26="","",ROW()-9) -> 17 | G26: פרטי העסק | H26: תיאור פעילות העסק | I26: איזור שדה טקסט | J26: FALSE | M26: מפתח / מנהל מערכת, בעל/ת המשרד, מנהל צוות, מנהל/ת חשבונות, חשב/ת שכר, יועץ/ת מס, מתמחה, מנהל/ת משרד, "צופה / רו""ח חיצוני", לקוח (פורטל) | N26: מפתח / מנהל מערכת, בעל/ת המשרד, מנהל צוות, מנהל/ת משרד | V26: =IF(W26="","",ROW()-6)
C27: FALSE | F27: =IF(G27="","",ROW()-9) -> 18 | G27: פרטי חשבון בנק | H27: שם הבנק | I27: תיבת בחירה | J27: FALSE | M27: מפתח / מנהל מערכת, בעל/ת המשרד, מנהל צוות, מנהל/ת חשבונות, חשב/ת שכר, יועץ/ת מס, מנהל/ת משרד, "צופה / רו""ח חיצוני", מערכת / אוטומציה | N27: מפתח / מנהל מערכת, בעל/ת המשרד, מנהל צוות, מנהל/ת משרד | V27: =IF(W27="","",ROW()-6)
C28: FALSE | F28: =IF(G28="","",ROW()-9) -> 19 | G28: פרטי חשבון בנק | H28: קוד הבנק | I28: תיבת בחירה | J28: FALSE | M28: מפתח / מנהל מערכת, בעל/ת המשרד, מנהל צוות, מנהל/ת חשבונות, חשב/ת שכר, יועץ/ת מס, מנהל/ת משרד, "צופה / רו""ח חיצוני", מערכת / אוטומציה | N28: מפתח / מנהל מערכת, בעל/ת המשרד, מנהל צוות, מנהל/ת משרד | V28: =IF(W28="","",ROW()-6)
C29: FALSE | F29: =IF(G29="","",ROW()-9) -> 20 | G29: פרטי חשבון בנק | H29: מס' סניף | I29: שדה טקסט | J29: FALSE | K29: מספר בלבד | M29: מפתח / מנהל מערכת, בעל/ת המשרד, מנהל צוות, מנהל/ת חשבונות, חשב/ת שכר, יועץ/ת מס, מנהל/ת משרד, "צופה / רו""ח חיצוני", מערכת / אוטומציה | N29: מפתח / מנהל מערכת, בעל/ת המשרד, מנהל צוות, מנהל/ת משרד | V29: =IF(W29="","",ROW()-6)
C30: FALSE | F30: =IF(G30="","",ROW()-9) -> 21 | G30: פרטי חשבון בנק | H30: מס' חשבון | I30: שדה טקסט | J30: FALSE | K30: מספר בלבד | M30: מפתח / מנהל מערכת, בעל/ת המשרד, מנהל צוות, מנהל/ת חשבונות, חשב/ת שכר, יועץ/ת מס, מנהל/ת משרד, "צופה / רו""ח חיצוני", מערכת / אוטומציה | N30: מפתח / מנהל מערכת, בעל/ת המשרד, מנהל צוות, מנהל/ת משרד | V30: =IF(W30="","",ROW()-6)
F31: =IF(G31="","",ROW()-9) -> 22 | G31: פרטי חשבון בנק | H31: שם בעל החשבון | I31: שדה טקסט | J31: FALSE | M31: מפתח / מנהל מערכת, בעל/ת המשרד, מנהל צוות, מנהל/ת חשבונות, חשב/ת שכר, יועץ/ת מס, מנהל/ת משרד, "צופה / רו""ח חיצוני", מערכת / אוטומציה | N31: מפתח / מנהל מערכת, בעל/ת המשרד, מנהל צוות, מנהל/ת משרד | V31: =IF(W31="","",ROW()-6)
F32: =IF(G32="","",ROW()-9) -> 23 | G32: פרטי חשבון בנק | H32: ייעוד | I32: תיבת בחירה | J32: FALSE | K32: כל הסוגים ואחר | M32: מפתח / מנהל מערכת, בעל/ת המשרד, מנהל צוות, מנהל/ת חשבונות, חשב/ת שכר, יועץ/ת מס, מנהל/ת משרד, "צופה / רו""ח חיצוני", מערכת / אוטומציה | N32: מפתח / מנהל מערכת, בעל/ת המשרד, מנהל צוות, מנהל/ת משרד | V32: =IF(W32="","",ROW()-6)
F33: =IF(G33="","",ROW()-9) -> 24 | G33: פרטי חשבון בנק | H33: הערות | I33: איזור שדה טקסט | J33: FALSE | M33: מפתח / מנהל מערכת, בעל/ת המשרד, מנהל צוות, מנהל/ת חשבונות, חשב/ת שכר, יועץ/ת מס, מנהל/ת משרד, "צופה / רו""ח חיצוני", מערכת / אוטומציה | N33: מפתח / מנהל מערכת, בעל/ת המשרד, מנהל צוות, מנהל/ת משרד | V33: =IF(W33="","",ROW()-6)
F34: =IF(G34="","",ROW()-6) -> 28 | G34: פרטי חשבון בנק | H34: תגיות | I34: בחירה מרובה חופשית | J34: FALSE | M34: מפתח / מנהל מערכת, בעל/ת המשרד, מנהל צוות, מנהל/ת חשבונות, חשב/ת שכר, יועץ/ת מס, מנהל/ת משרד, "צופה / רו""ח חיצוני", מערכת / אוטומציה | N34: מפתח / מנהל מערכת, בעל/ת המשרד, מנהל צוות, מנהל/ת משרד | V34: =IF(W34="","",ROW()-6)
F35: =IF(G35="","",ROW()-9) -> 26 | G35: פרטי יישות משפטית | H35: שם העסק (מוכר ברשוייות) | I35: שדה טקסט | J35: TRUE | L35: בשונה משם העסק שהוא שם ממתוג | M35: מפתח / מנהל מערכת, בעל/ת המשרד, מנהל צוות, מנהל/ת חשבונות, חשב/ת שכר, יועץ/ת מס, מתמחה, מנהל/ת משרד, "צופה / רו""ח חיצוני" | N35: מפתח / מנהל מערכת, בעל/ת המשרד, מנהל/ת משרד | V35: =IF(W35="","",ROW()-6)
F36: =IF(G36="","",ROW()-9) -> 27 | G36: פרטי יישות משפטית | H36: סוג יישות משפטית | I36: קישור למופע אחר | J36: TRUE | K36: יישות לקישור בק אנד למופע שנושא את היישות הרלוונטית | M36: מפתח / מנהל מערכת, בעל/ת המשרד, מנהל צוות, מנהל/ת חשבונות, חשב/ת שכר, יועץ/ת מס, מתמחה, מנהל/ת משרד, "צופה / רו""ח חיצוני" | N36: מפתח / מנהל מערכת, בעל/ת המשרד, מנהל/ת משרד | V36: =IF(W36="","",ROW()-6)
F37: =IF(G37="","",ROW()-9) -> 28 | G37: פרטי יישות משפטית | H37: תחום עיסוק | I37: בחירה מרובה חופשית | J37: FALSE | K37: כל תחומי העיסוק | M37: מפתח / מנהל מערכת, בעל/ת המשרד, מנהל צוות, מנהל/ת חשבונות, חשב/ת שכר, יועץ/ת מס, מתמחה, מנהל/ת משרד, "צופה / רו""ח חיצוני" | N37: מפתח / מנהל מערכת, בעל/ת המשרד, מנהל/ת משרד | V37: =IF(W37="","",ROW()-6)
F38: =IF(G38="","",ROW()-9) -> 29 | G38: פרטי יישות משפטית | H38: תת תחום | I38: איזור שדה טקסט | J38: FALSE | K38: פירוט | M38: מפתח / מנהל מערכת, בעל/ת המשרד, מנהל צוות, מנהל/ת חשבונות, חשב/ת שכר, יועץ/ת מס, מתמחה, מנהל/ת משרד, "צופה / רו""ח חיצוני" | N38: מפתח / מנהל מערכת, בעל/ת המשרד, מנהל/ת משרד | V38: =IF(W38="","",ROW()-6)
F39: =IF(G39="","",ROW()-9) -> 30 | G39: פרטי יישות משפטית | H39: תאריך פתיחת עסק | I39: שדה תאריך/זמן | J39: FALSE | M39: מפתח / מנהל מערכת, בעל/ת המשרד, מנהל צוות, מנהל/ת חשבונות, חשב/ת שכר, יועץ/ת מס, מתמחה, מנהל/ת משרד, "צופה / רו""ח חיצוני" | N39: מפתח / מנהל מערכת, בעל/ת המשרד, מנהל/ת משרד | V39: =IF(W39="","",ROW()-6)
F40: =IF(G40="","",ROW()-9) -> 31 | G40: פרטי יישות משפטית | H40: ח.פ. (מספר תיק) | I40: שדה טקסט | J40: FALSE | K40: רק מספריים | L40: וודוא כערך חד ערכי | M40: מפתח / מנהל מערכת, בעל/ת המשרד, מנהל צוות, מנהל/ת חשבונות, חשב/ת שכר, יועץ/ת מס, מתמחה, מנהל/ת משרד, "צופה / רו""ח חיצוני" | N40: מפתח / מנהל מערכת, בעל/ת המשרד, מנהל/ת משרד | V40: =IF(W40="","",ROW()-6)
F41: =IF(G41="","",ROW()-9) -> 32 | G41: פרטי יישות משפטית | H41: קוד סיווג כלכלי | I41: שדה טקסט | J41: FALSE | M41: מפתח / מנהל מערכת, בעל/ת המשרד, מנהל צוות, מנהל/ת חשבונות, חשב/ת שכר, יועץ/ת מס, מתמחה, מנהל/ת משרד, "צופה / רו""ח חיצוני" | N41: מפתח / מנהל מערכת, בעל/ת המשרד, מנהל/ת משרד | V41: =IF(W41="","",ROW()-6)
F42: =IF(G42="","",ROW()-9) -> 33 | G42: פרטי יישות משפטית | H42: שם רואה חשבון מבקר | I42: שדה טקסט | J42: FALSE | L42: חברה בע"מ | M42: מפתח / מנהל מערכת, בעל/ת המשרד, מנהל צוות, מנהל/ת חשבונות, חשב/ת שכר, יועץ/ת מס, מתמחה, מנהל/ת משרד, "צופה / רו""ח חיצוני" | N42: מפתח / מנהל מערכת, בעל/ת המשרד, מנהל/ת משרד | V42: =IF(W42="","",ROW()-6)
F43: =IF(G43="","",ROW()-9) -> 34 | G43: פרטי יישות משפטית | H43: קישור לאיש קשר | I43: קישור למופע אחר | J43: FALSE | L43: חברה בע"מ | M43: מפתח / מנהל מערכת, בעל/ת המשרד, מנהל צוות, מנהל/ת חשבונות, חשב/ת שכר, יועץ/ת מס, מתמחה, מנהל/ת משרד, "צופה / רו""ח חיצוני" | N43: מפתח / מנהל מערכת, בעל/ת המשרד, מנהל/ת משרד | V43: =IF(W43="","",ROW()-6)
F44: =IF(G44="","",ROW()-9) -> 35 | G44: פרטי יישות משפטית | H44: מחזור מע"מ | I44: קישור למופע אחר | J44: FALSE | K44: תדירות דיווח | M44: מפתח / מנהל מערכת, בעל/ת המשרד, מנהל צוות, מנהל/ת חשבונות, חשב/ת שכר, יועץ/ת מס, מתמחה, מנהל/ת משרד, "צופה / רו""ח חיצוני" | N44: מפתח / מנהל מערכת, בעל/ת המשרד, מנהל/ת משרד | V44: =IF(W44="","",ROW()-6)
F45: =IF(G45="","",ROW()-9) -> 36 | G45: פרטי יישות משפטית | H45: מחזור צפוי | I45: שדה טקסט | J45: FALSE | L45: פטור - מורשה | M45: מפתח / מנהל מערכת, בעל/ת המשרד, מנהל צוות, מנהל/ת חשבונות, חשב/ת שכר, יועץ/ת מס, מתמחה, מנהל/ת משרד, "צופה / רו""ח חיצוני" | N45: מפתח / מנהל מערכת, בעל/ת המשרד, מנהל/ת משרד | V45: =IF(W45="","",ROW()-6)
F46: =IF(G46="","",ROW()-9) -> 37 | G46: פרטי לקוח | H46: סטטוס לקוח | I46: תיבת בחירה | J46: FALSE | M46: מפתח / מנהל מערכת, בעל/ת המשרד, מנהל צוות, מנהל/ת חשבונות, חשב/ת שכר, יועץ/ת מס, מתמחה, מנהל/ת משרד, "צופה / רו""ח חיצוני", מערכת / אוטומציה | N46: מפתח / מנהל מערכת, בעל/ת המשרד, מנהל צוות, מנהל/ת משרד | V46: =IF(W46="","",ROW()-6)
F47: =IF(G47="","",ROW()-9) -> 38 | G47: פרטי לקוח | H47: איש קשר ראשי | I47: קישור למופע אחר | J47: FALSE | K47: איש קשר | N47: מפתח / מנהל מערכת, בעל/ת המשרד, מנהל צוות, מנהל/ת משרד | V47: =IF(W47="","",ROW()-6)
F48: =IF(G48="","",ROW()-9) -> 39 | G48: פרטי לקוח | H48: עובד אחראי | I48: בחירת משתמש | J48: FALSE | K48: עובדי משרד | N48: מפתח / מנהל מערכת, בעל/ת המשרד, מנהל צוות, מנהל/ת משרד | V48: =IF(W48="","",ROW()-6)
F49: =IF(G49="","",ROW()-9) -> 40 | G49: פרטי לקוח | H49: תגיות | I49: קישור למופע אחר | J49: FALSE | K49: תגיות לקוח | N49: מפתח / מנהל מערכת, בעל/ת המשרד, מנהל צוות, מנהל/ת משרד | V49: =IF(W49="","",ROW()-6)
F50: =IF(G50="","",ROW()-6) -> 44 | G50: פרטי לקוח | H50: הערות כלליות | I50: איזור שדה טקסט | J50: FALSE | N50: מפתח / מנהל מערכת, בעל/ת המשרד, מנהל צוות, מנהל/ת משרד | V50: =IF(W50="","",ROW()-6)
F51: =IF(G51="","",ROW()-6) -> 45 | G51: פרטי לקוח | H51: סיכום הערות מיקצועיות | I51: שדה נוסחה | J51: FALSE | N51: מפתח / מנהל מערכת, בעל/ת המשרד, מנהל צוות, מנהל/ת משרד | V51: =IF(W51="","",ROW()-6)
F52: =IF(G52="","",ROW()-6) -> 46 | G52: פרטי לקוח | H52: פעילות אחרונה | I52: שדה נוסחה | J52: FALSE | N52: מפתח / מנהל מערכת, בעל/ת המשרד, מנהל צוות, מנהל/ת משרד | V52: =IF(W52="","",ROW()-6)
F53: =IF(G53="","",ROW()-6) -> 47 | G53: פרטי לקוח | H53: תאריך תחילת התקשרות | I53: שדה תאריך/זמן | J53: FALSE | N53: מפתח / מנהל מערכת, בעל/ת המשרד, מנהל צוות, מנהל/ת משרד | V53: =IF(W53="","",ROW()-6)
F54: =IF(G54="","",ROW()-6) -> 48 | G54: פרטי לקוח | H54: וותק | I54: שדה נוסחה | J54: FALSE | K54: טקסטואללי | N54: מפתח / מנהל מערכת, בעל/ת המשרד, מנהל צוות, מנהל/ת משרד | V54: =IF(W54="","",ROW()-6)
F55: =IF(G55="","",ROW()-9) -> 46 | G55: פרטי לקוח | H55: האם יש הערה מיצקעית בתוקף | I55: שדה נוסחה | J55: FALSE | K55: 0/1 | L55: מוסתר מחשב האם יש הערה מיקצועית בתוקף | V55: =IF(W55="","",ROW()-6)
F56: =IF(G56="","",ROW()-9) -> 47 | G56: פרטי לקוח | H56: וותק מספרי לחישוב | I56: שדה נוסחה | J56: FALSE | K56: מספרי בלבד ברבעונים 0.25 | L56: מוסתר | V56: =IF(W56="","",ROW()-6)
F57: =IF(G57="","",ROW()-9) -> 48 | G57: פרטי לקוח | H57: סיבה עזיבה | I57: בחירה מרובה חופשית | J57: FALSE | N57: מפתח / מנהל מערכת, בעל/ת המשרד, מנהל צוות, מנהל/ת משרד | V57: =IF(W57="","",ROW()-6)
F58: =IF(G58="","",ROW()-9) -> 49 | G58: פרטי לקוח | H58: מידע נוסף (על עזיבה) | I58: איזור שדה טקסט | J58: FALSE | N58: מפתח / מנהל מערכת, בעל/ת המשרד, מנהל צוות, מנהל/ת משרד | V58: =IF(W58="","",ROW()-6)
F59: =IF(G59="","",ROW()-9) -> 50 | G59: פרטי תיקשורת כלליים | H59: טלפון עסקי(רשמי) | I59: שדה טלפון | J59: TRUE | M59: מפתח / מנהל מערכת, בעל/ת המשרד, מנהל צוות, מנהל/ת חשבונות, חשב/ת שכר, יועץ/ת מס, מתמחה, מנהל/ת משרד, "צופה / רו""ח חיצוני" | N59: מפתח / מנהל מערכת, בעל/ת המשרד, מנהל צוות, מנהל/ת משרד | V59: =IF(W59="","",ROW()-6)
F60: =IF(G60="","",ROW()-9) -> 51 | G60: פרטי תיקשורת כלליים | H60: שם ערוץ | I60: שדה טלפון | J60: FALSE | M60: מפתח / מנהל מערכת, בעל/ת המשרד, מנהל צוות, מנהל/ת חשבונות, חשב/ת שכר, יועץ/ת מס, מתמחה, מנהל/ת משרד, "צופה / רו""ח חיצוני" | N60: מפתח / מנהל מערכת, בעל/ת המשרד, מנהל צוות, מנהל/ת משרד | V60: =IF(W60="","",ROW()-6)
F61: =IF(G61="","",ROW()-9) -> 52 | G61: פרטי תיקשורת כלליים | H61: טלפון נוסף (אופציונלי) | I61: תיבת בחירה | J61: FALSE | M61: מפתח / מנהל מערכת, בעל/ת המשרד, מנהל צוות, מנהל/ת חשבונות, חשב/ת שכר, יועץ/ת מס, מתמחה, מנהל/ת משרד, "צופה / רו""ח חיצוני" | N61: מפתח / מנהל מערכת, בעל/ת המשרד, מנהל צוות, מנהל/ת משרד | V61: =IF(W61="","",ROW()-6)
F62: =IF(G62="","",ROW()-9) -> 53 | G62: פרטי תיקשורת כלליים | H62: טלפון | I62: שדה טלפון | J62: FALSE | L62: רק אם יש טלפון נוסף | M62: מפתח / מנהל מערכת, בעל/ת המשרד, מנהל צוות, מנהל/ת חשבונות, חשב/ת שכר, יועץ/ת מס, מתמחה, מנהל/ת משרד, "צופה / רו""ח חיצוני" | N62: מפתח / מנהל מערכת, בעל/ת המשרד, מנהל צוות, מנהל/ת משרד | V62: =IF(W62="","",ROW()-6)
F63: =IF(G63="","",ROW()-9) -> 54 | G63: פרטי תיקשורת כלליים | H63: אימייל | I63: שדה דואר אלקטרוני | J63: FALSE | M63: מפתח / מנהל מערכת, בעל/ת המשרד, מנהל צוות, מנהל/ת חשבונות, חשב/ת שכר, יועץ/ת מס, מתמחה, מנהל/ת משרד, "צופה / רו""ח חיצוני" | N63: מפתח / מנהל מערכת, בעל/ת המשרד, מנהל צוות, מנהל/ת משרד | V63: =IF(W63="","",ROW()-6)
F64: =IF(G64="","",ROW()-9) -> 55 | G64: פרטי תיקשורת כלליים | H64: תיאור | I64: איזור שדה טקסט | J64: TRUE | M64: מפתח / מנהל מערכת, בעל/ת המשרד, מנהל צוות, מנהל/ת חשבונות, חשב/ת שכר, יועץ/ת מס, מתמחה, מנהל/ת משרד, "צופה / רו""ח חיצוני" | N64: מפתח / מנהל מערכת, בעל/ת המשרד, מנהל צוות, מנהל/ת משרד | V64: =IF(W64="","",ROW()-6)
F65: =IF(G65="","",ROW()-9) -> 56 | G65: פרטי תיקשורת כלליים | H65: ראשי? | I65: צ'ק בוקס | J65: FALSE | M65: מפתח / מנהל מערכת, בעל/ת המשרד, מנהל צוות, מנהל/ת חשבונות, חשב/ת שכר, יועץ/ת מס, מתמחה, מנהל/ת משרד, "צופה / רו""ח חיצוני" | N65: מפתח / מנהל מערכת, בעל/ת המשרד, מנהל צוות, מנהל/ת משרד, מנהל/ת חשבונות, חשב/ת שכר, יועץ/ת מס | V65: =IF(W65="","",ROW()-6)
F66: =IF(G66="","",ROW()-9) -> 57 | G66: פרטי תיקשורת כלליים | H66: פעיל? | I66: צ'ק בוקס | J66: FALSE | L66: רק אם יש אימייל נוסף | M66: מפתח / מנהל מערכת, בעל/ת המשרד, מנהל צוות, מנהל/ת חשבונות, חשב/ת שכר, יועץ/ת מס, מתמחה, מנהל/ת משרד, "צופה / רו""ח חיצוני" | N66: מפתח / מנהל מערכת, בעל/ת המשרד, מנהל צוות, מנהל/ת משרד | V66: =IF(W66="","",ROW()-6)
F67: =IF(G67="","",ROW()-9) -> 58 | G67: פרטי תיקשורת כלליים | H67: אימייל ראשי | I67: שדה דואר אלקטרוני | J67: FALSE | M67: מפתח / מנהל מערכת, בעל/ת המשרד, מנהל צוות, מנהל/ת חשבונות, חשב/ת שכר, יועץ/ת מס, מתמחה, מנהל/ת משרד, "צופה / רו""ח חיצוני" | N67: מפתח / מנהל מערכת, בעל/ת המשרד, מנהל צוות, מנהל/ת משרד | V67: =IF(W67="","",ROW()-6)
F68: =IF(G68="","",ROW()-9) -> 59 | G68: פרטים אישיים לקוח | H68: שם פרטי | I68: שדה טקסט | J68: TRUE | M68: מפתח / מנהל מערכת, בעל/ת המשרד, מנהל צוות, מנהל/ת חשבונות, חשב/ת שכר, יועץ/ת מס, מנהל/ת משרד | N68: מפתח / מנהל מערכת, בעל/ת המשרד, מנהל/ת משרד, מנהל/ת חשבונות | V68: =IF(W68="","",ROW()-6)
F69: =IF(G69="","",ROW()-9) -> 60 | G69: פרטים אישיים לקוח | H69: שם משפחה | I69: שדה טקסט | J69: TRUE | M69: מפתח / מנהל מערכת, בעל/ת המשרד, מנהל צוות, מנהל/ת חשבונות, חשב/ת שכר, יועץ/ת מס, מנהל/ת משרד | N69: מפתח / מנהל מערכת, בעל/ת המשרד, מנהל/ת משרד, מנהל/ת חשבונות | V69: =IF(W69="","",ROW()-6)
F70: =IF(G70="","",ROW()-9) -> 61 | G70: פרטים אישיים לקוח | H70: שם מלא | I70: שדה נוסחה | J70: FALSE | M70: מפתח / מנהל מערכת, בעל/ת המשרד, מנהל צוות, מנהל/ת חשבונות, חשב/ת שכר, יועץ/ת מס, מנהל/ת משרד | N70: מפתח / מנהל מערכת, בעל/ת המשרד, מנהל/ת משרד, מנהל/ת חשבונות | V70: =IF(W70="","",ROW()-6)
F71: =IF(G71="","",ROW()-9) -> 62 | G71: פרטים אישיים לקוח | H71: תעודת זהות | I71: שדה טקסט | J71: TRUE | L71: מספר אולי נוסחה רגקס | M71: מפתח / מנהל מערכת, בעל/ת המשרד, מנהל צוות, מנהל/ת חשבונות, חשב/ת שכר, יועץ/ת מס, מנהל/ת משרד | N71: מפתח / מנהל מערכת, בעל/ת המשרד, מנהל/ת משרד, מנהל/ת חשבונות | V71: =IF(W71="","",ROW()-6)
F72: =IF(G72="","",ROW()-9) -> 63 | G72: פרטים אישיים לקוח | H72: אימייל | I72: שדה דואר אלקטרוני | J72: FALSE | L72: של האיש הפרטי | M72: מפתח / מנהל מערכת, בעל/ת המשרד, מנהל צוות, מנהל/ת חשבונות, חשב/ת שכר, יועץ/ת מס, מנהל/ת משרד | N72: מפתח / מנהל מערכת, בעל/ת המשרד, מנהל/ת משרד, מנהל/ת חשבונות | V72: =IF(W72="","",ROW()-6)
F73: =IF(G73="","",ROW()-9) -> 64 | G73: פרטים אישיים לקוח | H73: טלפון | I73: שדה טלפון | J73: FALSE | L73: של האיש הפרטי | M73: מפתח / מנהל מערכת, בעל/ת המשרד, מנהל צוות, מנהל/ת חשבונות, חשב/ת שכר, יועץ/ת מס, מנהל/ת משרד | N73: מפתח / מנהל מערכת, בעל/ת המשרד, מנהל/ת משרד, מנהל/ת חשבונות | V73: =IF(W73="","",ROW()-6)
F74: =IF(G74="","",ROW()-9) -> 65 | G74: פרטים אישיים לקוח | H74: כתובת | I74: בחירת כתובת | J74: FALSE | L74: של האיש הפרטי | M74: מפתח / מנהל מערכת, בעל/ת המשרד, מנהל צוות, מנהל/ת חשבונות, חשב/ת שכר, יועץ/ת מס, מנהל/ת משרד | N74: מפתח / מנהל מערכת, בעל/ת המשרד, מנהל/ת משרד, מנהל/ת חשבונות | V74: =IF(W74="","",ROW()-6)
F75: =IF(G75="","",ROW()-9) -> 66 | G75: פרטים מול הרשויות | H75: תיק מס הכנסה | I75: שדה טקסט | J75: FALSE | K75: מספר בלבד | L75: כולם | M75: מפתח / מנהל מערכת, בעל/ת המשרד, מנהל צוות, מנהל/ת חשבונות, חשב/ת שכר, יועץ/ת מס, מתמחה, מנהל/ת משרד, "צופה / רו""ח חיצוני", מערכת / אוטומציה | N75: מפתח / מנהל מערכת, בעל/ת המשרד, מנהל צוות, יועץ/ת מס | V75: =IF(W75="","",ROW()-6)
F76: =IF(G76="","",ROW()-9) -> 67 | G76: פרטים מול הרשויות | H76: תיק ניכויים | I76: שדה טקסט | J76: FALSE | K76: מספר בלבד | M76: מפתח / מנהל מערכת, בעל/ת המשרד, מנהל צוות, מנהל/ת חשבונות, חשב/ת שכר, יועץ/ת מס, מתמחה, מנהל/ת משרד, "צופה / רו""ח חיצוני", מערכת / אוטומציה | N76: מפתח / מנהל מערכת, בעל/ת המשרד, מנהל צוות, יועץ/ת מס | V76: =IF(W76="","",ROW()-6)
F77: =IF(G77="","",ROW()-9) -> 68 | G77: פרטים מול הרשויות | H77: מספר תיק ביטוח לאומי | I77: שדה טקסט | J77: FALSE | K77: מספר בלבד | L77: מעסיק | M77: מפתח / מנהל מערכת, בעל/ת המשרד, מנהל צוות, מנהל/ת חשבונות, חשב/ת שכר, יועץ/ת מס, מתמחה, מנהל/ת משרד, "צופה / רו""ח חיצוני", מערכת / אוטומציה | N77: מפתח / מנהל מערכת, בעל/ת המשרד, מנהל צוות, יועץ/ת מס | V77: =IF(W77="","",ROW()-6)
F78: =IF(G78="","",ROW()-9) -> 69 | G78: פרטים מול הרשויות | H78: תדירות דיווחי מע"מ | I78: קישור למופע אחר | J78: FALSE | K78: יישות תדירות דיווח | L78: מורשה | M78: מפתח / מנהל מערכת, בעל/ת המשרד, מנהל צוות, מנהל/ת חשבונות, חשב/ת שכר, יועץ/ת מס, מתמחה, מנהל/ת משרד, "צופה / רו""ח חיצוני", מערכת / אוטומציה | N78: מפתח / מנהל מערכת, בעל/ת המשרד, מנהל צוות, יועץ/ת מס | V78: =IF(W78="","",ROW()-6)
F79: =IF(G79="","",ROW()-9) -> 70 | G79: פרטים מול הרשויות | H79: מועד דיווח שנתי | I79: קישור למופע אחר | J79: FALSE | K79: ישות תדירות דווח | M79: מפתח / מנהל מערכת, בעל/ת המשרד, מנהל צוות, מנהל/ת חשבונות, חשב/ת שכר, יועץ/ת מס, מתמחה, מנהל/ת משרד, "צופה / רו""ח חיצוני", מערכת / אוטומציה | N79: מפתח / מנהל מערכת, בעל/ת המשרד, מנהל צוות, יועץ/ת מס | V79: =IF(W79="","",ROW()-6)
F80: =IF(G80="","",ROW()-9) -> 71 | G80: פרטים מול הרשויות | H80: פקיד שומה | I80: שדה טקסט | J80: FALSE | L80: שם של פקיד שומא | M80: מפתח / מנהל מערכת, בעל/ת המשרד, מנהל צוות, מנהל/ת חשבונות, חשב/ת שכר, יועץ/ת מס, מתמחה, מנהל/ת משרד, "צופה / רו""ח חיצוני", מערכת / אוטומציה | N80: מפתח / מנהל מערכת, בעל/ת המשרד, מנהל צוות, יועץ/ת מס | V80: =IF(W80="","",ROW()-6)
F81: =IF(G81="","",ROW()-9) -> 72 | G81: פרטים מול הרשויות | H81: תחנת מע"מ | I81: תיבת בחירה | J81: FALSE | L81: בחירה מכל תחנות בארץ | M81: מפתח / מנהל מערכת, בעל/ת המשרד, מנהל צוות, מנהל/ת חשבונות, חשב/ת שכר, יועץ/ת מס, מתמחה, מנהל/ת משרד, "צופה / רו""ח חיצוני", מערכת / אוטומציה | N81: מפתח / מנהל מערכת, בעל/ת המשרד, מנהל צוות, יועץ/ת מס | V81: =IF(W81="","",ROW()-6)
F82: =IF(G82="","",ROW()-9) -> 73 | G82: פרטים מול הרשויות | H82: קישור לגייסטאר | I82: שדה הייפר קישור | J82: FALSE | L82: עמותא | M82: מפתח / מנהל מערכת, בעל/ת המשרד, מנהל צוות, מנהל/ת חשבונות, חשב/ת שכר, יועץ/ת מס, מתמחה, מנהל/ת משרד, "צופה / רו""ח חיצוני", מערכת / אוטומציה | N82: מפתח / מנהל מערכת, בעל/ת המשרד, מנהל צוות, יועץ/ת מס | V82: =IF(W82="","",ROW()-6)
F83: =IF(G83="","",ROW()-9) -> 74 | G83: פרטים מול הרשויות | H83: קישור לאיש קשר פקיד שומא | I83: קישור למופע אחר | J83: FALSE | K83: יישות אנשי קשר | M83: מפתח / מנהל מערכת, בעל/ת המשרד, מנהל צוות, מנהל/ת חשבונות, חשב/ת שכר, יועץ/ת מס, מתמחה, מנהל/ת משרד, "צופה / רו""ח חיצוני", מערכת / אוטומציה | N83: מפתח / מנהל מערכת, בעל/ת המשרד, מנהל צוות, יועץ/ת מס | V83: =IF(W83="","",ROW()-6)
F84: =IF(H84="","",ROW()-9) -> 75 | G84: קישורים | H84: עסקאות | I84: קישור למופע אחר | J84: FALSE | L84: מורשה | M84: מפתח / מנהל מערכת | N84: מפתח / מנהל מערכת | V84: =IF(W84="","",ROW()-6)
F85: =IF(G85="","",ROW()-9) -> 76 | G85: קישורים | H85: הגשות | I85: קישור למופע אחר | J85: FALSE | L85: מורשה | M85: מפתח / מנהל מערכת | N85: מפתח / מנהל מערכת | V85: =IF(W85="","",ROW()-6)
F86: =IF(G86="","",ROW()-6) -> 80 | G86: קישורים | H86: אינטרקציות | I86: קישור למופע אחר | J86: FALSE | M86: מפתח / מנהל מערכת | N86: מפתח / מנהל מערכת | V86: =IF(W86="","",ROW()-6)
F87: =IF(G87="","",ROW()-6) -> 81 | G87: קישורים | H87: חיובים | I87: קישור למופע אחר | J87: FALSE | M87: מפתח / מנהל מערכת | N87: מפתח / מנהל מערכת | V87: =IF(W87="","",ROW()-6)
F88: =IF(G88="","",ROW()-6) -> 82 | G88: קישורים | H88: אישורים | I88: קישור למופע אחר | J88: FALSE | M88: מפתח / מנהל מערכת | N88: מפתח / מנהל מערכת | V88: =IF(W88="","",ROW()-6)
F89: =IF(G89="","",ROW()-6) -> 83 | G89: קישורים | H89: מסמכים | I89: קישור למופע אחר | J89: FALSE | M89: מפתח / מנהל מערכת | N89: מפתח / מנהל מערכת | V89: =IF(W89="","",ROW()-6)
F90: =IF(G90="","",ROW()-6) -> 84 | G90: קישורים | H90: מטלות | I90: קישור למופע אחר | J90: FALSE | M90: מפתח / מנהל מערכת | N90: מפתח / מנהל מערכת | V90: =IF(W90="","",ROW()-6)
F91: =IF(G91="","",ROW()-6) | J91: FALSE | V91: =IF(W91="","",ROW()-6)
F92: =IF(G92="","",ROW()-6) | J92: FALSE | V92: =IF(W92="","",ROW()-6)
F93: =IF(G93="","",ROW()-6) | J93: FALSE | V93: =IF(W93="","",ROW()-6)
F94: =IF(G94="","",ROW()-6) | J94: FALSE | V94: =IF(W94="","",ROW()-6)
F95: =IF(G95="","",ROW()-6) | J95: FALSE | V95: =IF(W95="","",ROW()-6)
F96: =IF(G96="","",ROW()-6) | J96: FALSE | V96: =IF(W96="","",ROW()-6)
F97: =IF(G97="","",ROW()-6) | J97: FALSE | V97: =IF(W97="","",ROW()-6)
F98: =IF(G98="","",ROW()-6) | J98: FALSE | V98: =IF(W98="","",ROW()-6)
F99: =IF(G99="","",ROW()-6) | J99: FALSE | V99: =IF(W99="","",ROW()-6)
F100: =IF(G100="","",ROW()-6) | J100: FALSE | V100: =IF(W100="","",ROW()-6)
F101: =IF(G101="","",ROW()-6) | V101: =IF(W101="","",ROW()-6)
...

Sheet רשימות
A1: סוגי שדות (אוריגמי) | B1: חובה / רשות | C1: סוג טריגר | D1: פרטי טריגר | E1: פעולה מבוצעת | F1: סטטוס איפיון | G1: קבוצות משתמשים
A2: שדה טקסט | B2: חובה | C2: מופע או שדה | D2: בעת יצירת המופע | E2: הצג הודעה למשתמש | F2: רעיון | G2: מפתח / מנהל מערכת
A3: תיבת בחירה | B3: רשות | C3: כפתורי פעולה | D3: בעת עדכון שדה | E3: אוטומציה של AI | F3: באפיון | G3: בעל/ת המשרד
A4: בחירה מרובה | C4: התניה מתוזמנת | D4: בעת מחיקת מופע | E4: אפקטים | F4: מאושר לבנייה | G4: מנהל צוות
A5: בחירה מרובה חופשית | D5: בעת יצירת קבוצה החוזרת על עצמה | E5: נעל קובץ | F5: נבנה באוריגמי | G5: מנהל/ת חשבונות
A6: שדה דואר אלקטרוני | D6: בעת מחיקת קבוצה החוזרת על עצמה | E6: שליחת חוזה | F6: הושלם ונבדק | G6: חשב/ת שכר
A7: צ'ק בוקס | D7: בעת צפייה במופע | E7: מלא מסמך | G7: יועץ/ת מס
A8: שדה הייפר קישור | D8: מקם את הכפתור בתצוגת מופעים | E8: התראות | G8: מתמחה
A9: שדה טלפון | D9: מקם את הכפתור בעריכת מופע | E9: צור קבוצה חוזרת חדשה | G9: מנהל/ת משרד
A10: בחירת כתובת | D10: מקם את הכפתור בקבוצת שדות | E10: העבר למופע אחר | G10: צופה / רו"ח חיצוני
A11: איזור שדה טקסט | D11: לפי הגדרת זמן (שעה / דקה / יום בשבוע) | E11: בסיס נתונים חיצוני | G11: לקוח (פורטל)
A12: WYSIWYG | E12: הצע תיקון | G12: מערכת / אוטומציה
A13: העלאת קבצים | E13: נעל/פתח
A14: שדה תאריך/זמן | E14: אימות
A15: קישור למופע אחר | E15: מחק מופע
A16: קישור למופעים מרובים | E16: ס.מ.ס
A17: בחירת משתמש | E17: עדכן שדות
A18: שדה API | E18: שכפל רשומה
A19: בחירת משתמשים מרובה | E19: ייצוא דוחות
A20: שדה מצביע | E20: קרא לשירות חיצוני
A21: בחירה מטווח מספרים | E21: עדכון מרובה
A22: מחוון בחירה | E22: בקשת אימות
A23: שדה מטא-דטא | E23: פעולת ארכיון
A24: שדה נוסחה | E24: שלח אימייל
... A26: שדה חבוי | E26: פתח חלון חדש
A27: בחירת זמן
A28: שדה חתימה
A29: שדה סיסמא
A30: בחירת צלמית
A31: בחירת צבע

Sheet קטלוג שירותים
G1: מעבר לדף הבית | H1: מעבר מהיר לגיליון: | I1: לקוחות | J1: אנשי קשר | L1: מעבר לתהליכי עבודה | U1: מעבר לטבלת השדות | W1: מעבר לדף הבית | X1: מעבר מהיר לגיליון: | Y1: DFA | Z1: =VLOOKUP(Y1,'אינדקס'!B13:C91,2) -> פתח גיליון
F2: =CONCATENATE("🎯 מטרות-העל: ", 'אינדקס'!$B$5) -> 🎯 מטרות-העל: https://docs.google.com/open?id=16lBROr6DmzGS3AaRedcxxBk5nYQMegngfhrp90Jz1JQ | V2: =CONCATENATE("🎯 מטרות-העל: ", 'אינדקס'!$B$5) -> 🎯 מטרות-העל: https://docs.google.com/open?id=16lBROr6DmzGS3AaRedcxxBk5nYQMegngfhrp90Jz1JQ
F4: =IF(G4="","",ROW()-6) | T4: =IF(U4="","",ROW()-6) | V4: =IF(W4="","",ROW()-6)
F5: =IF(G5="","",ROW()-6) | T5: =IF(U5="","",ROW()-6) | V5: =IF(W5="","",ROW()-6)
F6: =IF(G6="","",ROW()-6) | T6: =IF(U6="","",ROW()-6) | V6: =IF(W6="","",ROW()-6)
F7: =IF(G7="","",ROW()-6) | T7: =IF(U7="","",ROW()-6) | V7: =IF(W7="","",ROW()-6)
F9: # | G9: קבוצת שדות | H9: שם שדה | I9: סוג שדה | J9: חובה/רשות | K9: ערכים אפשריים | L9: הערות | M9: הרשאות צפייה | N9: הרשאות עריכה | T9: # | U9: שם התהליך | V9: סוג טריגר | W9: פרטי טריגר | X9: תנאי הפעלה (שדה+לוגיקה) | Y9: סטטוס איפיון | Z9: הערות | AC9: שם תהליך | AD9: סוג פעולה | AE9: תיואר פעולה קצר | AF9: תיאור מפורט
B10: שם קבוצה | C10: חוזת או לא | F10: =IF(G10="","",ROW()-9) -> 1 | G10: פרטי השירות | H10: שם השירות | I10: שדה טקסט | J10: FALSE | T10: =IF(U10="","",ROW()-6)
B11: פרטי השירות | C11: FALSE | F11: =IF(G11="","",ROW()-9) -> 2 | G11: פרטי השירות | H11: חובות שהשירות מפעיל | I11: קישור למופע אחר | J11: FALSE | T11: =IF(U11="","",ROW()-6)
B12: תנאי השירות | C12: TRUE | F12: =IF(G12="","",ROW()-9) -> 3 | G12: פרטי השירות | H12: קישור לסוג לקוח שמתאים | I12: קישור למופע אחר | J12: FALSE | T12: =IF(U12="","",ROW()-6)
C13: FALSE | F13: =IF(G13="","",ROW()-9) -> 4 | G13: פרטי השירות | H13: תיאור השירות | I13: איזור שדה טקסט | J13: FALSE | T13: =IF(U13="","",ROW()-6)
C14: FALSE | F14: =IF(G14="","",ROW()-9) -> 5 | G14: תנאי השירות | J14: FALSE | T14: =IF(U14="","",ROW()-6)
C15: FALSE | F15: =IF(G15="","",ROW()-9) | J15: FALSE | T15: =IF(U15="","",ROW()-6)
C16: FALSE | F16: =IF(G16="","",ROW()-9) | J16: FALSE | T16: =IF(U16="","",ROW()-6)
C17: FALSE | F17: =IF(G17="","",ROW()-9) | J17: FALSE | T17: =IF(U17="","",ROW()-6)
C18: FALSE | F18: =IF(G18="","",ROW()-9) | J18: FALSE | T18: =IF(U18="","",ROW()-6)
C19: FALSE | F19: =IF(G19="","",ROW()-9) | J19: FALSE | T19: =IF(U19="","",ROW()-6)
C20: FALSE | F20: =IF(G20="","",ROW()-9) | J20: FALSE | T20: =IF(U20="","",ROW()-6)
C21: FALSE | F21: =IF(G21="","",ROW()-9) | J21: FALSE | T21: =IF(U21="","",ROW()-6)
C22: FALSE | F22: =IF(G22="","",ROW()-9) | J22: FALSE | T22: =IF(U22="","",ROW()-6)
C23: FALSE | F23: =IF(G23="","",ROW()-9) | J23: FALSE | T23: =IF(U23="","",ROW()-6)
C24: FALSE | F24: =IF(G24="","",ROW()-9) | J24: FALSE | T24: =IF(U24="","",ROW()-6)
C25: FALSE | F25: =IF(G25="","",ROW()-9) | J25: FALSE | T25: =IF(U25="","",ROW()-6)
C26: FALSE | F26: =IF(G26="","",ROW()-9) | J26: FALSE | T26: =IF(U26="","",ROW()-6)
... C30: FALSE | F30: =IF(G30="","",ROW()-9) | J30: FALSE | T30: =IF(U30="","",ROW()-6)
F31: =IF(G31="","",ROW()-9) | J31: FALSE | T31: =IF(U31="","",ROW()-6)
F32: =IF(G32="","",ROW()-9) | J32: FALSE | T32: =IF(U32="","",ROW()-6)
F33: =IF(G33="","",ROW()-9) | J33: FALSE | T33: =IF(U33="","",ROW()-6)
F34: =IF(G34="","",ROW()-9) | J34: FALSE | T34: =IF(U34="","",ROW()-6)
F35: =IF(G35="","",ROW()-9) | J35: FALSE | T35: =IF(U35="","",ROW()-6)
F36: =IF(G36="","",ROW()-9) | J36: FALSE | T36: =IF(U36="","",ROW()-6)
F37: =IF(G37="","",ROW()-9) | J37: FALSE | T37: =IF(U37="","",ROW()-6)
F38: =IF(G38="","",ROW()-9) | J38: FALSE | T38: =IF(U38="","",ROW()-6)
F39: =IF(G39="","",ROW()-9) | J39: FALSE | T39: =IF(U39="","",ROW()-6)
F40: =IF(G40="","",ROW()-9) | J40: FALSE | T40: =IF(U40="","",ROW()-6)
F41: =IF(G41="","",ROW()-9) | J41: FALSE | T41: =IF(U41="","",ROW()-6)
F42: =IF(G42="","",ROW()-9) | J42: FALSE | T42: =IF(U42="","",ROW()-6)
... F69: =IF(G69="","",ROW()-9) | J69: FALSE | T69: =IF(U69="","",ROW()-6)
F70: =IF(G70="","",ROW()-6) | J70: FALSE | T70: =IF(U70="","",ROW()-6)
F71: =IF(G71="","",ROW()-6) | J71: FALSE | T71: =IF(U71="","",ROW()-6)
F72: =IF(G72="","",ROW()-6) | J72: FALSE | T72: =IF(U72="","",ROW()-6)
F73: =IF(G73="","",ROW()-6) | J73: FALSE | T73: =IF(U73="","",ROW()-6)
F74: =IF(G74="","",ROW()-6) | J74: FALSE | T74: =IF(U74="","",ROW()-6)
F75: =IF(G75="","",ROW()-6) | J75: FALSE | T75: =IF(U75="","",ROW()-6)
F76: =IF(G76="","",ROW()-6) | J76: FALSE | T76: =IF(U76="","",ROW()-6)
F77: =IF(G77="","",ROW()-6) | J77: FALSE | T77: =IF(U77="","",ROW()-6)
F78: =IF(G78="","",ROW()-6) | J78: FALSE | T78: =IF(U78="","",ROW()-6)
F79: =IF(G79="","",ROW()-6) | J79: FALSE | T79: =IF(U79="","",ROW()-6)
F80: =IF(G80="","",ROW()-6) | J80: FALSE | T80: =IF(U80="","",ROW()-6)
F81: =IF(G81="","",ROW()-6) | J81: FALSE | T81: =IF(U81="","",ROW()-6)
... F100: =IF(G100="","",ROW()-6) | J100: FALSE | T100: =IF(U100="","",ROW()-6)
F101: =IF(G101="","",ROW()-6) | T101: =IF(U101="","",ROW()-6)
F102: =IF(G102="","",ROW()-6) | T102: =IF(U102="","",ROW()-6)
F103: =IF(G103="","",ROW()-6) | T103: =IF(U103="","",ROW()-6)
F104: =IF(G104="","",ROW()-6) | T104: =IF(U104="","",ROW()-6)
F105: =IF(G105="","",ROW()-6) | T105: =IF(U105="","",ROW()-6)
F106: =IF(G106="","",ROW()-6) | T106: =IF(U106="","",ROW()-6)
F107: =IF(G107="","",ROW()-6) | T107: =IF(U107="","",ROW()-6)
F108: =IF(G108="","",ROW()-6) | T108: =IF(U108="","",ROW()-6)
F109: =IF(G109="","",ROW()-6) | T109: =IF(U109="","",ROW()-6)
F110: =IF(G110="","",ROW()-6) | T110: =IF(U110="","",ROW()-6)
F111: =IF(G111="","",ROW()-6) | T111: =IF(U111="","",ROW()-6)
F112: =IF(G112="","",ROW()-6) | T112: =IF(U112="","",ROW()-6)
... F198: =IF(G198="","",ROW()-6) | T198: =IF(U198="","",ROW()-6)

Sheet עסקאות
G1: מעבר לדף הבית | H1: מעבר מהיר לגיליון: | I1: אישורים והוראות לקוח | J1: =VLOOKUP(I1,'אינדקס'!B13:C91,2) -> #N/A | L1: מעבר לתהליכי עבודה | U1: מעבר לטבלת השדות | W1: מעבר לדף הבית | X1: מעבר מהיר לגיליון: | Y1: DFA | Z1: =VLOOKUP(Y1,'אינדקס'!B13:C91,2) -> פתח גיליון
V2: =CONCATENATE("🎯 מטרות-העל: ", 'אינדקס'!$B$5) -> 🎯 מטרות-העל: https://docs.google.com/open?id=16lBROr6DmzGS3AaRedcxxBk5nYQMegngfhrp90Jz1JQ
F4: =IF(G4="","",ROW()-6) | T4: =IF(U4="","",ROW()-6) | V4: =IF(W4="","",ROW()-6)
F5: =IF(G5="","",ROW()-6) | T5: =IF(U5="","",ROW()-6) | V5: =IF(W5="","",ROW()-6)
F6: =IF(G6="","",ROW()-6) | T6: =IF(U6="","",ROW()-6) | V6: =IF(W6="","",ROW()-6)
F7: =IF(G7="","",ROW()-6) | T7: =IF(U7="","",ROW()-6) | V7: =IF(W7="","",ROW()-6)
F9: # | G9: קבוצת שדות | H9: שם שדה | I9: סוג שדה | J9: חובה/רשות | K9: ערכים אפשריים | L9: הערות | M9: הרשאות צפייה | N9: הרשאות עריכה | T9: # | U9: שם התהליך | V9: סוג טריגר | W9: פרטי טריגר | X9: תנאי הפעלה (שדה+לוגיקה) | Y9: סטטוס איפיון | Z9: הערות | AC9: שם תהליך | AD9: סוג פעולה | AE9: תיואר פעולה קצר | AF9: תיאור מפורט
B10: שם קבוצה | C10: חוזת או לא | F10: =IF(G10="","",ROW()-9) -> 1 | G10: פרטי עסקה | H10: לקוח | I10: קישור למופע אחר | J10: FALSE | T10: =IF(U10="","",ROW()-6)
B11: פרטי עסקה | C11: FALSE | F11: =IF(G11="","",ROW()-9) -> 2 | G11: פרטי עסקה | H11: תאריך חתימה | I11: שדה תאריך/זמן | J11: FALSE | T11: =IF(U11="","",ROW()-6)
B12: שירותים | C12: TRUE | F12: =IF(G12="","",ROW()-9) -> 3 | G12: פרטי עסקה | H12: בתוקף עד | I12: שדה תאריך/זמן | J12: FALSE | T12: =IF(U12="","",ROW()-6)
B13: הערות לעסקה | C13: TRUE | F13: =IF(G13="","",ROW()-9) -> 4 | G13: פרטי עסקה | H13: סטטוס מחושב | I13: שדה נוסחה | J13: FALSE | T13: =IF(U13="","",ROW()-6)
C14: FALSE | F14: =IF(G14="","",ROW()-9) -> 5 | G14: פרטי עסקה | H14: סטטוס | I14: תיבת בחירה | J14: FALSE | T14: =IF(U14="","",ROW()-6)
C15: FALSE | F15: =IF(G15="","",ROW()-9) -> 6 | G15: פרטי עסקה | H15: חוזה שירות | I15: קישור למופע אחר | J15: FALSE | K15: מסמכים | T15: =IF(U15="","",ROW()-6)
C16: FALSE | F16: =IF(G16="","",ROW()-9) -> 7 | G16: פרטי עסקה | H16: מחיר עסקה מוחשב לפני מע"מ | I16: שדה נוסחה | J16: FALSE | T16: =IF(U16="","",ROW()-6)
C17: FALSE | F17: =IF(G17="","",ROW()-9) -> 8 | G17: פרטי עסקה | H17: הנחה כללית | I17: שדה טקסט | J17: FALSE | T17: =IF(U17="","",ROW()-6)
C18: FALSE | F18: =IF(G18="","",ROW()-9) -> 9 | G18: פרטי עסקה | H18: מחיר אחרי מע"מ | I18: שדה נוסחה | J18: FALSE | T18: =IF(U18="","",ROW()-6)
C19: FALSE | F19: =IF(G19="","",ROW()-9) -> 10 | G19: פרטי עסקה | H19: קישור לתשלומים | J19: FALSE | T19: =IF(U19="","",ROW()-6)
C20: FALSE | F20: =IF(G20="","",ROW()-9) -> 11 | G20: פרטי עסקה | H20: מודל תמחור | J20: FALSE | T20: =IF(U20="","",ROW()-6)
C21: FALSE | F21: =IF(G21="","",ROW()-9) -> 12 | G21: פרטי עסקה | H21: מעקב תשלום | J21: FALSE | T21: =IF(U21="","",ROW()-6)
C22: FALSE | F22: =IF(G22="","",ROW()-9) -> 13 | G22: שירותים | H22: קישור לשירות | I22: קישור למופע אחר | J22: FALSE | T22: =IF(U22="","",ROW()-6)
C23: FALSE | F23: =IF(G23="","",ROW()-9) -> 14 | G23: שירותים | H23: מחיר שירות | I23: שדה מצביע | J23: FALSE | T23: =IF(U23="","",ROW()-6)
C24: FALSE | F24: =IF(G24="","",ROW()-9) -> 15 | G24: שירותים | H24: כמות | I24: שדה טקסט | J24: FALSE | T24: =IF(U24="","",ROW()-6)
C25: FALSE | F25: =IF(G25="","",ROW()-9) -> 16 | G25: שירותים | H25: הנחה | I25: שדה טקסט | J25: FALSE | T25: =IF(U25="","",ROW()-6)
C26: FALSE | F26: =IF(G26="","",ROW()-9) -> 17 | G26: שירותים | H26: מחיר לפני מע"מ | I26: שדה נוסחה | J26: FALSE | T26: =IF(U26="","",ROW()-6)
C27: FALSE | F27: =IF(G27="","",ROW()-9) -> 18 | G27: שירותים | H27: מחיר אחרי מע"מ | I27: שדה נוסחה | J27: FALSE | T27: =IF(U27="","",ROW()-6)
C28: FALSE | F28: =IF(G28="","",ROW()-9) -> 19 | G28: שירותים | H28: תיאור השירות | I28: שדה מצביע | J28: FALSE | T28: =IF(U28="","",ROW()-6)
C29: FALSE | F29: =IF(H29="","",ROW()-9) -> 20 | G29: הערות לעסקה | H29: הערות לעסקה | I29: איזור שדה טקסט | J29: FALSE | T29: =IF(U29="","",ROW()-6)
C30: FALSE | F30: =IF(G30="","",ROW()-9) -> 21 | G30: הערות לעסקה | H30: תאריך | I30: שדה תאריך/זמן | J30: FALSE | T30: =IF(U30="","",ROW()-6)
F31: =IF(G31="","",ROW()-9) -> 22 | G31: הערות לעסקה | H31: בתוקף עד | I31: שדה תאריך/זמן | J31: FALSE | T31: =IF(U31="","",ROW()-6)
F32: =IF(G32="","",ROW()-9) -> 23 | G32: הערות לעסקה | H32: יוצר | I32: בחירת משתמש | J32: FALSE | T32: =IF(U32="","",ROW()-6)
F33: =IF(G33="","",ROW()-9) -> 24 | G33: פרטי עסקה | H33: ס"ה עובדים של לקוח | I33: שדה נוסחה | J33: FALSE | T33: =IF(U33="","",ROW()-6)
F34: =IF(G34="","",ROW()-9) -> 25 | G34: שירותים | H34: תקף? | I34: שדה נוסחה | J34: FALSE | T34: =IF(U34="","",ROW()-6)
F35: =IF(G35="","",ROW()-9) -> 26 | G35: שירותים | H35: מחיר הצעה לפני מע"מ | I35: שדה מצביע | J35: FALSE | T35: =IF(U35="","",ROW()-6)
F36: =IF(G36="","",ROW()-9) -> 27 | G36: שירותים | H36: מחיר הצעה אחרי מע"מ | I36: שדה נוסחה | J36: FALSE | T36: =IF(U36="","",ROW()-6)
F37: =IF(G37="","",ROW()-9) -> 28 | G37: שירותים | H37: בתוקף מ | I37: שדה תאריך/זמן | J37: FALSE | T37: =IF(U37="","",ROW()-6)
F38: =IF(G38="","",ROW()-9) -> 29 | G38: שירותים | H38: בתוקף עד | I38: שדה תאריך/זמן | J38: FALSE | T38: =IF(U38="","",ROW()-6)
F39: =IF(G39="","",ROW()-9) | J39: FALSE | T39: =IF(U39="","",ROW()-6)
F40: =IF(G40="","",ROW()-9) | J40: FALSE | T40: =IF(U40="","",ROW()-6)
F41: =IF(G41="","",ROW()-9) | J41: FALSE | T41: =IF(U41="","",ROW()-6)
F42: =IF(G42="","",ROW()-9) | J42: FALSE | T42: =IF(U42="","",ROW()-6)
F43: =IF(G43="","",ROW()-9) | J43: FALSE | T43: =IF(U43="","",ROW()-6)
F44: =IF(G44="","",ROW()-9) | J44: FALSE | T44: =IF(U44="","",ROW()-6)
F45: =IF(G45="","",ROW()-9) | J45: FALSE | T45: =IF(U45="","",ROW()-6)
F46: =IF(G46="","",ROW()-9) | J46: FALSE | T46: =IF(U46="","",ROW()-6)
F47: =IF(G47="","",ROW()-9) | J47: FALSE | T47: =IF(U47="","",ROW()-6)
F48: =IF(G48="","",ROW()-9) | J48: FALSE | T48: =IF(U48="","",ROW()-6)
F49: =IF(G49="","",ROW()-9) | J49: FALSE | T49: =IF(U49="","",ROW()-6)
F50: =IF(G50="","",ROW()-9) | J50: FALSE | T50: =IF(U50="","",ROW()-6)
... F69: =IF(G69="","",ROW()-9) | J69: FALSE | T69: =IF(U69="","",ROW()-6)
F70: =IF(G70="","",ROW()-6) | J70: FALSE | T70: =IF(U70="","",ROW()-6)
F71: =IF(G71="","",ROW()-6) | J71: FALSE | T71: =IF(U71="","",ROW()-6)
F72: =IF(G72="","",ROW()-6) | J72: FALSE | T72: =IF(U72="","",ROW()-6)
F73: =IF(G73="","",ROW()-6) | J73: FALSE | T73: =IF(U73="","",ROW()-6)
F74: =IF(G74="","",ROW()-6) | J74: FALSE | T74: =IF(U74="","",ROW()-6)
F75: =IF(G75="","",ROW()-6) | J75: FALSE | T75: =IF(U75="","",ROW()-6)
F76: =IF(G76="","",ROW()-6) | J76: FALSE | T76: =IF(U76="","",ROW()-6)
F77: =IF(G77="","",ROW()-6) | J77: FALSE | T77: =IF(U77="","",ROW()-6)
F78: =IF(G78="","",ROW()-6) | J78: FALSE | T78: =IF(U78="","",ROW()-6)
F79: =IF(G79="","",ROW()-6) | J79: FALSE | T79: =IF(U79="","",ROW()-6)
F80: =IF(G80="","",ROW()-6) | J80: FALSE | T80: =IF(U80="","",ROW()-6)
F81: =IF(G81="","",ROW()-6) | J81: FALSE | T81: =IF(U81="","",ROW()-6)
... F100: =IF(G100="","",ROW()-6) | J100: FALSE | T100: =IF(U100="","",ROW()-6)
F101: =IF(G101="","",ROW()-6) | T101: =IF(U101="","",ROW()-6)
F102: =IF(G102="","",ROW()-6) | T102: =IF(U102="","",ROW()-6)
F103: =IF(G103="","",ROW()-6) | T103: =IF(U103="","",ROW()-6)
F104: =IF(G104="","",ROW()-6) | T104: =IF(U104="","",ROW()-6)
F105: =IF(G105="","",ROW()-6) | T105: =IF(U105="","",ROW()-6)
F106: =IF(G106="","",ROW()-6) | T106: =IF(U106="","",ROW()-6)
F107: =IF(G107="","",ROW()-6) | T107: =IF(U107="","",ROW()-6)
F108: =IF(G108="","",ROW()-6) | T108: =IF(U108="","",ROW()-6)
F109: =IF(G109="","",ROW()-6) | T109: =IF(U109="","",ROW()-6)
F110: =IF(G110="","",ROW()-6) | T110: =IF(U110="","",ROW()-6)
F111: =IF(G111="","",ROW()-6) | T111: =IF(U111="","",ROW()-6)
F112: =IF(G112="","",ROW()-6) | T112: =IF(U112="","",ROW()-6)
... F198: =IF(G198="","",ROW()-6) | T198: =IF(U198="","",ROW()-6)

Sheet תקשורת
G1: מעבר לדף הבית | H1: מעבר מהיר לגיליון: | I1: ZDSFA | J1: =VLOOKUP(I1,'אינדקס'!B13:C91,2) -> פתח גיליון | L1: מעבר לתהליכי עבודה | U1: מעבר לטבלת השדות | W1: מעבר לדף הבית | X1: מעבר מהיר לגיליון: | Y1: DFA | Z1: =VLOOKUP(Y1,'אינדקס'!B13:C91,2) -> פתח גיליון
F2: =CONCATENATE("🎯 מטרות-העל: ", 'אינדקס'!$B$5) -> 🎯 מטרות-העל: https://docs.google.com/open?id=16lBROr6DmzGS3AaRedcxxBk5nYQMegngfhrp90Jz1JQ | V2: =CONCATENATE("🎯 מטרות-העל: ", 'אינדקס'!$B$5) -> 🎯 מטרות-העל: https://docs.google.com/open?id=16lBROr6DmzGS3AaRedcxxBk5nYQMegngfhrp90Jz1JQ
F4: =IF(G4="","",ROW()-6) | T4: =IF(U4="","",ROW()-6) | V4: =IF(W4="","",ROW()-6)
F5: =IF(G5="","",ROW()-6) | T5: =IF(U5="","",ROW()-6) | V5: =IF(W5="","",ROW()-6)
F6: =IF(G6="","",ROW()-6) | T6: =IF(U6="","",ROW()-6) | V6: =IF(W6="","",ROW()-6)
F7: =IF(G7="","",ROW()-6) | T7: =IF(U7="","",ROW()-6) | V7: =IF(W7="","",ROW()-6)
F9: # | G9: קבוצת שדות | H9: שם שדה | I9: סוג שדה | J9: חובה/רשות | K9: ערכים אפשריים | L9: הערות | M9: הרשאות צפייה | N9: הרשאות עריכה | T9: # | U9: שם התהליך | V9: סוג טריגר | W9: פרטי טריגר | X9: תנאי הפעלה (שדה+לוגיקה) | Y9: סטטוס איפיון | Z9: הערות | AC9: שם תהליך | AD9: סוג פעולה | AE9: תיואר פעולה קצר | AF9: תיאור מפורט
B10: שם קבוצה | C10: חוזת או לא | F10: =IF(G10="","",ROW()-9) -> 1 | G10: התקשורת | H10: לקוח | I10: קישור למופע אחר | J10: FALSE | T10: =IF(U10="","",ROW()-6)
B11: התקשורת | C11: FALSE | F11: =IF(G11="","",ROW()-9) -> 2 | G11: התקשורת | H11: איש קשר | I11: קישור למופע אחר | J11: FALSE | T11: =IF(U11="","",ROW()-6)
C12: FALSE | F12: =IF(G12="","",ROW()-9) -> 3 | G12: התקשורת | H12: עובד משרד | I12: קישור למופע אחר | J12: FALSE | T12: =IF(U12="","",ROW()-6)
C13: FALSE | F13: =IF(G13="","",ROW()-9) -> 4 | G13: התקשורת | H13: סוג תקשורת | I13: תיבת בחירה | J13: FALSE | T13: =IF(U13="","",ROW()-6)
C14: FALSE | F14: =IF(G14="","",ROW()-9) -> 5 | G14: התקשורת | H14: חותמת זמן | I14: שדה תאריך/זמן | J14: FALSE | T14: =IF(U14="","",ROW()-6)
C15: FALSE | F15: =IF(G15="","",ROW()-9) -> 6 | G15: התקשורת | H15: סיכום | I15: איזור שדה טקסט | J15: FALSE | T15: =IF(U15="","",ROW()-6)
C16: FALSE | F16: =IF(G16="","",ROW()-9) -> 7 | G16: התקשורת | H16: מסמכים מקושרים | I16: קישור למופע אחר | J16: FALSE | T16: =IF(U16="","",ROW()-6)
C17: FALSE | F17: =IF(G17="","",ROW()-9) -> 8 | G17: התקשורת | H17: הקלטה | I17: קישור למופע אחר | J17: FALSE | T17: =IF(U17="","",ROW()-6)
C18: FALSE | F18: =IF(G18="","",ROW()-9) | J18: FALSE | T18: =IF(U18="","",ROW()-6)
C19: FALSE | F19: =IF(G19="","",ROW()-9) | J19: FALSE | T19: =IF(U19="","",ROW()-6)
C20: FALSE | F20: =IF(G20="","",ROW()-9) | J20: FALSE | T20: =IF(U20="","",ROW()-6)
C21: FALSE | F21: =IF(G21="","",ROW()-9) | J21: FALSE | T21: =IF(U21="","",ROW()-6)
C22: FALSE | F22: =IF(G22="","",ROW()-9) | J22: FALSE | T22: =IF(U22="","",ROW()-6)
C23: FALSE | F23: =IF(G23="","",ROW()-9) | J23: FALSE | T23: =IF(U23="","",ROW()-6)
C24: FALSE | F24: =IF(G24="","",ROW()-9) | J24: FALSE | T24: =IF(U24="","",ROW()-6)
C25: FALSE | F25: =IF(G25="","",ROW()-9) | J25: FALSE | T25: =IF(U25="","",ROW()-6)
C26: FALSE | F26: =IF(G26="","",ROW()-9) | J26: FALSE | T26: =IF(U26="","",ROW()-6)
C27: FALSE | F27: =IF(G27="","",ROW()-9) | J27: FALSE | T27: =IF(U27="","",ROW()-6)
C28: FALSE | F28: =IF(G28="","",ROW()-9) | J28: FALSE | T28: =IF(U28="","",ROW()-6)
C29: FALSE | F29: =IF(G29="","",ROW()-9) | J29: FALSE | T29: =IF(U29="","",ROW()-6)
C30: FALSE | F30: =IF(G30="","",ROW()-9) | J30: FALSE | T30: =IF(U30="","",ROW()-6)
F31: =IF(G31="","",ROW()-9) | J31: FALSE | T31: =IF(U31="","",ROW()-6)
F32: =IF(G32="","",ROW()-9) | J32: FALSE | T32: =IF(U32="","",ROW()-6)
F33: =IF(G33="","",ROW()-9) | J33: FALSE | T33: =IF(U33="","",ROW()-6)
F34: =IF(G34="","",ROW()-9) | J34: FALSE | T34: =IF(U34="","",ROW()-6)
F35: =IF(G35="","",ROW()-9) | J35: FALSE | T35: =IF(U35="","",ROW()-6)
F36: =IF(G36="","",ROW()-9) | J36: FALSE | T36: =IF(U36="","",ROW()-6)
F37: =IF(G37="","",ROW()-9) | J37: FALSE | T37: =IF(U37="","",ROW()-6)
F38: =IF(G38="","",ROW()-9) | J38: FALSE | T38: =IF(U38="","",ROW()-6)
F39: =IF(G39="","",ROW()-9) | J39: FALSE | T39: =IF(U39="","",ROW()-6)
F40: =IF(G40="","",ROW()-9) | J40: FALSE | T40: =IF(U40="","",ROW()-6)
F41: =IF(G41="","",ROW()-9) | J41: FALSE | T41: =IF(U41="","",ROW()-6)
F42: =IF(G42="","",ROW()-9) | J42: FALSE | T42: =IF(U42="","",ROW()-6)
... F69: =IF(G69="","",ROW()-9) | J69: FALSE | T69: =IF(U69="","",ROW()-6)
F70: =IF(G70="","",ROW()-6) | J70: FALSE | T70: =IF(U70="","",ROW()-6)
F71: =IF(G71="","",ROW()-6) | J71: FALSE | T71: =IF(U71="","",ROW()-6)
F72: =IF(G72="","",ROW()-6) | J72: FALSE | T72: =IF(U72="","",ROW()-6)
F73: =IF(G73="","",ROW()-6) | J73: FALSE | T73: =IF(U73="","",ROW()-6)
F74: =IF(G74="","",ROW()-6) | J74: FALSE | T74: =IF(U74="","",ROW()-6)
F75: =IF(G75="","",ROW()-6) | J75: FALSE | T75: =IF(U75="","",ROW()-6)
F76: =IF(G76="","",ROW()-6) | J76: FALSE | T76: =IF(U76="","",ROW()-6)
F77: =IF(G77="","",ROW()-6) | J77: FALSE | T77: =IF(U77="","",ROW()-6)
F78: =IF(G78="","",ROW()-6) | J78: FALSE | T78: =IF(U78="","",ROW()-6)
F79: =IF(G79="","",ROW()-6) | J79: FALSE | T79: =IF(U79="","",ROW()-6)
F80: =IF(G80="","",ROW()-6) | J80: FALSE | T80: =IF(U80="","",ROW()-6)
F81: =IF(G81="","",ROW()-6) | J81: FALSE | T81: =IF(U81="","",ROW()-6)
... F100: =IF(G100="","",ROW()-6) | J100: FALSE | T100: =IF(U100="","",ROW()-6)
F101: =IF(G101="","",ROW()-6) | T101: =IF(U101="","",ROW()-6)
F102: =IF(G102="","",ROW()-6) | T102: =IF(U102="","",ROW()-6)
F103: =IF(G103="","",ROW()-6) | T103: =IF(U103="","",ROW()-6)
F104: =IF(G104="","",ROW()-6) | T104: =IF(U104="","",ROW()-6)
F105: =IF(G105="","",ROW()-6) | T105: =IF(U105="","",ROW()-6)
F106: =IF(G106="","",ROW()-6) | T106: =IF(U106="","",ROW()-6)
F107: =IF(G107="","",ROW()-6) | T107: =IF(U107="","",ROW()-6)
F108: =IF(G108="","",ROW()-6) | T108: =IF(U108="","",ROW()-6)
F109: =IF(G109="","",ROW()-6) | T109: =IF(U109="","",ROW()-6)
F110: =IF(G110="","",ROW()-6) | T110: =IF(U110="","",ROW()-6)
F111: =IF(G111="","",ROW()-6) | T111: =IF(U111="","",ROW()-6)
F112: =IF(G112="","",ROW()-6) | T112: =IF(U112="","",ROW()-6)
... F198: =IF(G198="","",ROW()-6) | T198: =IF(U198="","",ROW()-6)

Sheet משימות
G1: מעבר לדף הבית | H1: מעבר מהיר לגיליון: | I1: לקוחות | J1: אנשי קשר | L1: מעבר לתהליכי עבודה | U1: מעבר לטבלת השדות | W1: מעבר לדף הבית | X1: מעבר מהיר לגיליון: | Y1: DFA | Z1: =VLOOKUP(Y1,'אינדקס'!B13:C91,2) -> פתח גיליון
F2: =CONCATENATE("🎯 מטרות-העל: ", 'אינדקס'!$B$5) -> 🎯 מטרות-העל: https://docs.google.com/open?id=16lBROr6DmzGS3AaRedcxxBk5nYQMegngfhrp90Jz1JQ | V2: =CONCATENATE("🎯 מטרות-העל: ", 'אינדקס'!$B$5) -> 🎯 מטרות-העל: https://docs.google.com/open?id=16lBROr6DmzGS3AaRedcxxBk5nYQMegngfhrp90Jz1JQ
F4: =IF(G4="","",ROW()-6) | T4: =IF(U4="","",ROW()-6) | V4: =IF(W4="","",ROW()-6)
F5: =IF(G5="","",ROW()-6) | T5: =IF(U5="","",ROW()-6) | V5: =IF(W5="","",ROW()-6)
F6: =IF(G6="","",ROW()-6) | T6: =IF(U6="","",ROW()-6) | V6: =IF(W6="","",ROW()-6)
F7: =IF(G7="","",ROW()-6) | T7: =IF(U7="","",ROW()-6) | V7: =IF(W7="","",ROW()-6)
F9: # | G9: קבוצת שדות | H9: שם שדה | I9: סוג שדה | J9: חובה/רשות | K9: ערכים אפשריים | L9: הערות | M9: הרשאות צפייה | N9: הרשאות עריכה | T9: # | U9: שם התהליך | V9: סוג טריגר | W9: פרטי טריגר | X9: תנאי הפעלה (שדה+לוגיקה) | Y9: סטטוס איפיון | Z9: הערות | AC9: שם תהליך | AD9: סוג פעולה | AE9: תיואר פעולה קצר | AF9: תיאור מפורט
B10: שם קבוצה | C10: חוזת או לא | F10: =IF(G10="","",ROW()-9) -> 1 | G10: הערכת זמן | H10: תאריך יצירה | I10: שדה תאריך/זמן | J10: FALSE | T10: =IF(U10="","",ROW()-6)
B11: פרטי המשימה | C11: FALSE | F11: =IF(G11="","",ROW()-9) -> 2 | G11: הערכת זמן | H11: תאריך יעד | I11: שדה תאריך/זמן | J11: FALSE | T11: =IF(U11="","",ROW()-6)
B12: ציק ליסט | C12: FALSE | F12: =IF(G12="","",ROW()-9) -> 3 | G12: הערכת זמן | H12: תאריך סיום בפועל | I12: שדה תאריך/זמן | J12: FALSE | T12: =IF(U12="","",ROW()-6)
B13: הערכת זמן | C13: FALSE | F13: =IF(G13="","",ROW()-9) -> 4 | G13: הערכת זמן | H13: תאריך התחלה בפועל | I13: שדה תאריך/זמן | J13: FALSE | T13: =IF(U13="","",ROW()-6)
B14: התקדמות | C14: FALSE | F14: =IF(G14="","",ROW()-9) -> 5 | G14: הערכת זמן | H14: הערכת זמן | I14: שדה תאריך/זמן | J14: FALSE | T14: =IF(U14="","",ROW()-6)
B15: הסטוריה | C15: FALSE | F15: =IF(G15="","",ROW()-9) -> 6 | G15: הערכת זמן | H15: זמן בפועל | I15: שדה נוסחה | J15: FALSE | T15: =IF(U15="","",ROW()-6)
C16: FALSE | F16: =IF(G16="","",ROW()-9) -> 7 | G16: הערכת זמן | H16: סטייה | I16: שדה נוסחה | J16: FALSE | T16: =IF(U16="","",ROW()-6)
C17: FALSE | F17: =IF(G17="","",ROW()-9) -> 8 | G17: הערכת זמן | H17: זמן מחזור | I17: שדה טקסט | J17: FALSE | T17: =IF(U17="","",ROW()-6)
C18: FALSE | F18: =IF(G18="","",ROW()-9) -> 9 | G18: התקדמות | H18: מטלת אב | I18: קישור למופע אחר | J18: FALSE | T18: =IF(U18="","",ROW()-6)
C19: FALSE | F19: =IF(G19="","",ROW()-9) -> 10 | G19: התקדמות | H19: תלויה במטלה | I19: קישור למופע אחר | J19: FALSE | T19: =IF(U19="","",ROW()-6)
C20: FALSE | F20: =IF(G20="","",ROW()-9) -> 11 | G20: התקדמות | H20: מטלות בנות | I20: קישור למופע אחר | J20: FALSE | T20: =IF(U20="","",ROW()-6)
C21: FALSE | F21: =IF(G21="","",ROW()-9) -> 12 | G21: התקדמות | H21: התקדמות בנות | I21: שדה נוסחה | J21: FALSE | T21: =IF(U21="","",ROW()-6)
C22: FALSE | F22: =IF(G22="","",ROW()-9) -> 13 | G22: פרטי המשימה | H22: כותרת | I22: שדה טקסט | J22: FALSE | T22: =IF(U22="","",ROW()-6)
C23: FALSE | F23: =IF(G23="","",ROW()-9) -> 14 | G23: פרטי המשימה | H23: קישור ללקוח | I23: קישור למופע אחר | J23: FALSE | T23: =IF(U23="","",ROW()-6)
C24: FALSE | F24: =IF(G24="","",ROW()-9) -> 15 | G24: פרטי המשימה | H24: עובד אחראי | I24: איזור שדה טקסט | J24: FALSE | T24: =IF(U24="","",ROW()-6)
C25: FALSE | F25: =IF(G25="","",ROW()-9) -> 16 | G25: פרטי המשימה | H25: סוג משימה | I25: קישור למופע אחר | J25: FALSE | T25: =IF(U25="","",ROW()-6)
C26: FALSE | F26: =IF(G26="","",ROW()-9) -> 17 | G26: פרטי המשימה | H26: תדירות | I26: קישור למופע אחר | J26: FALSE | T26: =IF(U26="","",ROW()-6)
C27: FALSE | F27: =IF(G27="","",ROW()-9) -> 18 | G27: פרטי המשימה | H27: ססטוס | I27: תיבת בחירה | J27: FALSE | T27: =IF(U27="","",ROW()-6)
C28: FALSE | F28: =IF(G28="","",ROW()-9) -> 19 | G28: פרטי המשימה | H28: פרטי המשימה /תיאור | I28: איזור שדה טקסט | J28: FALSE | T28: =IF(U28="","",ROW()-6)
C29: FALSE | F29: =IF(G29="","",ROW()-9) -> 20 | G29: פרטי המשימה | H29: ממתין ל | I29: קישור למופע אחר | J29: FALSE | L29: רק אםסטטוס ממתינה | T29: =IF(U29="","",ROW()-6)
C30: FALSE | F30: =IF(G30="","",ROW()-9) -> 21 | G30: פרטי המשימה | H30: ממתין מתאריך | I30: שדה תאריך/זמן | J30: FALSE | T30: =IF(U30="","",ROW()-6)
F31: =IF(G31="","",ROW()-9) -> 22 | G31: פרטי המשימה | H31: להציג מתאריך | I31: שדה תאריך/זמן | J31: FALSE | L31: רק אם סטטוס הוא נדחתה/רדומה | T31: =IF(U31="","",ROW()-6)
F32: =IF(G32="","",ROW()-9) -> 23 | G32: פרטי המשימה | H32: סיבה | I32: איזור שדה טקסט | J32: FALSE | T32: =IF(U32="","",ROW()-6)
F33: =IF(G33="","",ROW()-9) -> 24 | G33: פרטי המשימה | H33: לשלוח תזכורת | I33: צ'ק בוקס | J33: FALSE | T33: =IF(U33="","",ROW()-6)
F34: =IF(G34="","",ROW()-9) -> 25 | G34: פרטי המשימה | H34: תזכורות | I34: קישור למופע אחר | J34: FALSE | L34: רק עם סומן שילחת תזכורת | T34: =IF(U34="","",ROW()-6)
F35: =IF(G35="","",ROW()-9) -> 26 | G35: פרטי המשימה | H35: עדיפות | I35: שדה נוסחה | J35: FALSE | T35: =IF(U35="","",ROW()-6)
F36: =IF(G36="","",ROW()-9) -> 27 | G36: פרטי המשימה | H36: דחיפות | I36: שדה נוסחה | J36: FALSE | T36: =IF(U36="","",ROW()-6)
F37: =IF(G37="","",ROW()-9) -> 28 | G37: ציק ליסט | H37: תיאור | I37: איזור שדה טקסט | J37: FALSE | T37: =IF(U37="","",ROW()-6)
F38: =IF(G38="","",ROW()-9) -> 29 | G38: ציק ליסט | H38: סימון | I38: צ'ק בוקס | J38: FALSE | T38: =IF(U38="","",ROW()-6)
F39: =IF(G39="","",ROW()-9) -> 30 | G39: התקדמות | H39: פעילה היום? | I39: שדה נוסחה | J39: FALSE | T39: =IF(U39="","",ROW()-6)
F40: =IF(G40="","",ROW()-9) -> 31 | G40: התקדמות | H40: חריג | I40: שדה נוסחה | J40: FALSE | T40: =IF(U40="","",ROW()-6)
F41: =IF(G41="","",ROW()-9) -> 32 | G41: פרטי המשימה | H41: מקור המטלה | I41: קישור למופע אחר | J41: FALSE | T41: =IF(U41="","",ROW()-6)
F42: =IF(G42="","",ROW()-9) -> 33 | G42: פרטי המשימה | H42: אירוע מקור | I42: קישור למופע אחר | J42: FALSE | T42: =IF(U42="","",ROW()-6)
F43: =IF(G43="","",ROW()-9) -> 34 | G43: פרטי המשימה | H43: קישור לאינטראצקיה | I43: קישור למופע אחר | J43: FALSE | T43: =IF(U43="","",ROW()-6)
F44: =IF(G44="","",ROW()-9) -> 35 | G44: פרטי המשימה | H44: קישור להגשה | I44: קישור למופע אחר | J44: FALSE | T44: =IF(U44="","",ROW()-6)
F45: =IF(G45="","",ROW()-9) -> 36 | G45: פרטי המשימה | H45: קישור למסמכים | I45: קישור למופע אחר | J45: FALSE | T45: =IF(U45="","",ROW()-6)
F46: =IF(G46="","",ROW()-9) -> 37 | G46: הסטוריה | H46: עובד אחראי קודם | I46: קישור למופע אחר | J46: FALSE | T46: =IF(U46="","",ROW()-6)
F47: =IF(G47="","",ROW()-9) | H47: עובד אחראי הבא | I47: קישור למופע אחר | J47: FALSE | T47: =IF(U47="","",ROW()-6)
F48: =IF(G48="","",ROW()-9) | H48: תאריך | I48: שדה תאריך/זמן | J48: FALSE | T48: =IF(U48="","",ROW()-6)
F49: =IF(G49="","",ROW()-9) | H49: סיבת העברה | I49: תיבת בחירה | J49: FALSE | T49: =IF(U49="","",ROW()-6)
F50: =IF(G50="","",ROW()-9) | H50: הערת מסירה | I50: איזור שדה טקסט | J50: FALSE | T50: =IF(U50="","",ROW()-6)
F51: =IF(G51="","",ROW()-9) | J51: FALSE | T51: =IF(U51="","",ROW()-6)
F52: =IF(G52="","",ROW()-9) | J52: FALSE | T52: =IF(U52="","",ROW()-6)
F53: =IF(G53="","",ROW()-9) | J53: FALSE | T53: =IF(U53="","",ROW()-6)
F54: =IF(G54="","",ROW()-9) | J54: FALSE | T54: =IF(U54="","",ROW()-6)
F55: =IF(G55="","",ROW()-9) | J55: FALSE | T55: =IF(U55="","",ROW()-6)
F56: =IF(G56="","",ROW()-9) | J56: FALSE | T56: =IF(U56="","",ROW()-6)
F57: =IF(G57="","",ROW()-9) | J57: FALSE | T57: =IF(U57="","",ROW()-6)
F58: =IF(G58="","",ROW()-9) | J58: FALSE | T58: =IF(U58="","",ROW()-6)
F59: =IF(G59="","",ROW()-9) | J59: FALSE | T59: =IF(U59="","",ROW()-6)
F60: =IF(G60="","",ROW()-9) | J60: FALSE | T60: =IF(U60="","",ROW()-6)
F61: =IF(G61="","",ROW()-9) | J61: FALSE | T61: =IF(U61="","",ROW()-6)
F62: =IF(G62="","",ROW()-9) | J62: FALSE | T62: =IF(U62="","",ROW()-6)
... F69: =IF(G69="","",ROW()-9) | J69: FALSE | T69: =IF(U69="","",ROW()-6)
F70: =IF(G70="","",ROW()-6) | J70: FALSE | T70: =IF(U70="","",ROW()-6)
F71: =IF(G71="","",ROW()-6) | J71: FALSE | T71: =IF(U71="","",ROW()-6)
F72: =IF(G72="","",ROW()-6) | J72: FALSE | T72: =IF(U72="","",ROW()-6)
F73: =IF(G73="","",ROW()-6) | J73: FALSE | T73: =IF(U73="","",ROW()-6)
F74: =IF(G74="","",ROW()-6) | J74: FALSE | T74: =IF(U74="","",ROW()-6)
F75: =IF(G75="","",ROW()-6) | J75: FALSE | T75: =IF(U75="","",ROW()-6)
F76: =IF(G76="","",ROW()-6) | J76: FALSE | T76: =IF(U76="","",ROW()-6)
F77: =IF(G77="","",ROW()-6) | J77: FALSE | T77: =IF(U77="","",ROW()-6)
F78: =IF(G78="","",ROW()-6) | J78: FALSE | T78: =IF(U78="","",ROW()-6)
F79: =IF(G79="","",ROW()-6) | J79: FALSE | T79: =IF(U79="","",ROW()-6)
F80: =IF(G80="","",ROW()-6) | J80: FALSE | T80: =IF(U80="","",ROW()-6)
F81: =IF(G81="","",ROW()-6) | J81: FALSE | T81: =IF(U81="","",ROW()-6)
... F100: =IF(G100="","",ROW()-6) | J100: FALSE | T100: =IF(U100="","",ROW()-6)
F101: =IF(G101="","",ROW()-6) | T101: =IF(U101="","",ROW()-6)
F102: =IF(G102="","",ROW()-6) | T102: =IF(U102="","",ROW()-6)
F103: =IF(G103="","",ROW()-6) | T103: =IF(U103="","",ROW()-6)
F104: =IF(G104="","",ROW()-6) | T104: =IF(U104="","",ROW()-6)
F105: =IF(G105="","",ROW()-6) | T105: =IF(U105="","",ROW()-6)
F106: =IF(G106="","",ROW()-6) | T106: =IF(U106="","",ROW()-6)
F107: =IF(G107="","",ROW()-6) | T107: =IF(U107="","",ROW()-6)
F108: =IF(G108="","",ROW()-6) | T108: =IF(U108="","",ROW()-6)
F109: =IF(G109="","",ROW()-6) | T109: =IF(U109="","",ROW()-6)
F110: =IF(G110="","",ROW()-6) | T110: =IF(U110="","",ROW()-6)
F111: =IF(G111="","",ROW()-6) | T111: =IF(U111="","",ROW()-6)
F112: =IF(G112="","",ROW()-6) | T112: =IF(U112="","",ROW()-6)
... F198: =IF(G198="","",ROW()-6) | T198: =IF(U198="","",ROW()-6)

Sheet עובד משרד
G1: מעבר לדף הבית | H1: מעבר מהיר לגיליון: | I1: ZDSFA | J1: =VLOOKUP(I1,'אינדקס'!B13:C91,2) -> פתח גיליון | L1: מעבר לתהליכי עבודה | U1: מעבר לטבלת השדות | W1: מעבר לדף הבית | X1: מעבר מהיר לגיליון: | Y1: DFA | Z1: =VLOOKUP(Y1,'אינדקס'!B13:C91,2) -> פתח גיליון
F2: =CONCATENATE("🎯 מטרות-העל: ", 'אינדקס'!$B$5) -> 🎯 מטרות-העל: https://docs.google.com/open?id=16lBROr6DmzGS3AaRedcxxBk5nYQMegngfhrp90Jz1JQ | V2: =CONCATENATE("🎯 מטרות-העל: ", 'אינדקס'!$B$5) -> 🎯 מטרות-העל: https://docs.google.com/open?id=16lBROr6DmzGS3AaRedcxxBk5nYQMegngfhrp90Jz1JQ
F4: =IF(G4="","",ROW()-6) | T4: =IF(U4="","",ROW()-6) | V4: =IF(W4="","",ROW()-6)
F5: =IF(G5="","",ROW()-6) | T5: =IF(U5="","",ROW()-6) | V5: =IF(W5="","",ROW()-6)
F6: =IF(G6="","",ROW()-6) | T6: =IF(U6="","",ROW()-6) | V6: =IF(W6="","",ROW()-6)
F7: =IF(G7="","",ROW()-6) | T7: =IF(U7="","",ROW()-6) | V7: =IF(W7="","",ROW()-6)
F9: # | G9: קבוצת שדות | H9: שם שדה | I9: סוג שדה | J9: חובה/רשות | K9: ערכים אפשריים | L9: הערות | M9: הרשאות צפייה | N9: הרשאות עריכה | T9: # | U9: שם התהליך | V9: סוג טריגר | W9: פרטי טריגר | X9: תנאי הפעלה (שדה+לוגיקה) | Y9: סטטוס איפיון | Z9: הערות | AC9: שם תהליך | AD9: סוג פעולה | AE9: תיואר פעולה קצר | AF9: תיאור מפורט
B10: שם קבוצה | C10: חוזת או לא | F10: =IF(G10="","",ROW()-9) -> 1 | G10: פרטי העובד | H10: שם | I10: שדה טקסט | J10: FALSE | T10: =IF(U10="","",ROW()-6)
B11: פרטי העובד | C11: FALSE | F11: =IF(G11="","",ROW()-9) -> 2 | G11: פרטי העובד | H11: שם משפחה | I11: שדה טקסט | J11: FALSE | T11: =IF(U11="","",ROW()-6)
B12: פרטי העסקה | C12: FALSE | F12: =IF(G12="","",ROW()-9) -> 3 | G12: פרטי העובד | H12: טלפון | I12: שדה טלפון | J12: FALSE | T12: =IF(U12="","",ROW()-6)
B13: תפקידים ועיסוקים | C13: FALSE | F13: =IF(G13="","",ROW()-9) -> 4 | G13: פרטי העובד | H13: וואצאפ | I13: צ'ק בוקס | J13: FALSE | T13: =IF(U13="","",ROW()-6)
C14: FALSE | F14: =IF(G14="","",ROW()-9) -> 5 | G14: פרטי העובד | H14: אימייל | I14: שדה דואר אלקטרוני | J14: FALSE | T14: =IF(U14="","",ROW()-6)
C15: FALSE | F15: =IF(G15="","",ROW()-9) -> 6 | G15: פרטי העובד | H15: כתובת | I15: בחירת כתובת | J15: FALSE | T15: =IF(U15="","",ROW()-6)
C16: FALSE | F16: =IF(G16="","",ROW()-9) -> 7 | G16: פרטי העובד | H16: טלפון נוסף | I16: שדה טלפון | J16: FALSE | T16: =IF(U16="","",ROW()-6)
C17: FALSE | F17: =IF(G17="","",ROW()-9) -> 8 | G17: פרטי העובד | H17: הערות | I17: איזור שדה טקסט | J17: FALSE | T17: =IF(U17="","",ROW()-6)
C18: FALSE | F18: =IF(G18="","",ROW()-9) -> 9 | G18: פרטי העסקה | H18: תחילת העסקה | I18: שדה תאריך/זמן | J18: FALSE | T18: =IF(U18="","",ROW()-6)
C19: FALSE | F19: =IF(G19="","",ROW()-9) -> 10 | G19: פרטי העסקה | H19: הסכם העסקה | I19: קישור למופע אחר | J19: FALSE | T19: =IF(U19="","",ROW()-6)
C20: FALSE | F20: =IF(G20="","",ROW()-9) -> 11 | G20: פרטי העסקה | H20: עלות שעה פנימית | I20: שדה טקסט | J20: FALSE | T20: =IF(U20="","",ROW()-6)
C21: FALSE | F21: =IF(G21="","",ROW()-9) -> 12 | G21: פרטי העסקה | H21: סטטוס | I21: תיבת בחירה | J21: FALSE | T21: =IF(U21="","",ROW()-6)
C22: FALSE | F22: =IF(G22="","",ROW()-9) -> 13 | G22: פרטי העסקה | H22: זמינות | J22: FALSE | T22: =IF(U22="","",ROW()-6)
C23: FALSE | F23: =IF(G23="","",ROW()-9) -> 14 | G23: תפקידים ועיסוקים | H23: תפקיד | I23: קישור למופע אחר | J23: FALSE | T23: =IF(U23="","",ROW()-6)
C24: FALSE | F24: =IF(G24="","",ROW()-9) -> 15 | G24: תפקידים ועיסוקים | H24: התמחויות | I24: בחירה מרובה | J24: FALSE | T24: =IF(U24="","",ROW()-6)
C25: FALSE | F25: =IF(G25="","",ROW()-9) -> 16 | G25: תפקידים ועיסוקים | H25: מידע נוסף | I25: איזור שדה טקסט | J25: FALSE | T25: =IF(U25="","",ROW()-6)
C26: FALSE | F26: =IF(G26="","",ROW()-9) -> 17 | G26: תפקידים ועיסוקים | J26: FALSE | T26: =IF(U26="","",ROW()-6)
C27: FALSE | F27: =IF(G27="","",ROW()-9) | J27: FALSE | T27: =IF(U27="","",ROW()-6)
C28: FALSE | F28: =IF(G28="","",ROW()-9) | J28: FALSE | T28: =IF(U28="","",ROW()-6)
C29: FALSE | F29: =IF(G29="","",ROW()-9) | J29: FALSE | T29: =IF(U29="","",ROW()-6)
C30: FALSE | F30: =IF(G30="","",ROW()-9) | J30: FALSE | T30: =IF(U30="","",ROW()-6)
F31: =IF(G31="","",ROW()-9) | J31: FALSE | T31: =IF(U31="","",ROW()-6)
F32: =IF(G32="","",ROW()-9) | J32: FALSE | T32: =IF(U32="","",ROW()-6)
F33: =IF(G33="","",ROW()-9) | J33: FALSE | T33: =IF(U33="","",ROW()-6)
F34: =IF(G34="","",ROW()-9) | J34: FALSE | T34: =IF(U34="","",ROW()-6)
F35: =IF(G35="","",ROW()-9) | J35: FALSE | T35: =IF(U35="","",ROW()-6)
F36: =IF(G36="","",ROW()-9) | J36: FALSE | T36: =IF(U36="","",ROW()-6)
F37: =IF(G37="","",ROW()-9) | J37: FALSE | T37: =IF(U37="","",ROW()-6)
F38: =IF(G38="","",ROW()-9) | J38: FALSE | T38: =IF(U38="","",ROW()-6)
F39: =IF(G39="","",ROW()-9) | J39: FALSE | T39: =IF(U39="","",ROW()-6)
F40: =IF(G40="","",ROW()-9) | J40: FALSE | T40: =IF(U40="","",ROW()-6)
F41: =IF(G41="","",ROW()-9) | J41: FALSE | T41: =IF(U41="","",ROW()-6)
F42: =IF(G42="","",ROW()-9) | J42: FALSE | T42: =IF(U42="","",ROW()-6)
... F69: =IF(G69="","",ROW()-9) | J69: FALSE | T69: =IF(U69="","",ROW()-6)
F70: =IF(G70="","",ROW()-6) | J70: FALSE | T70: =IF(U70="","",ROW()-6)
F71: =IF(G71="","",ROW()-6) | J71: FALSE | T71: =IF(U71="","",ROW()-6)
F72: =IF(G72="","",ROW()-6) | J72: FALSE | T72: =IF(U72="","",ROW()-6)
F73: =IF(G73="","",ROW()-6) | J73: FALSE | T73: =IF(U73="","",ROW()-6)
F74: =IF(G74="","",ROW()-6) | J74: FALSE | T74: =IF(U74="","",ROW()-6)
F75: =IF(G75="","",ROW()-6) | J75: FALSE | T75: =IF(U75="","",ROW()-6)
F76: =IF(G76="","",ROW()-6) | J76: FALSE | T76: =IF(U76="","",ROW()-6)
F77: =IF(G77="","",ROW()-6) | J77: FALSE | T77: =IF(U77="","",ROW()-6)
F78: =IF(G78="","",ROW()-6) | J78: FALSE | T78: =IF(U78="","",ROW()-6)
F79: =IF(G79="","",ROW()-6) | J79: FALSE | T79: =IF(U79="","",ROW()-6)
F80: =IF(G80="","",ROW()-6) | J80: FALSE | T80: =IF(U80="","",ROW()-6)
F81: =IF(G81="","",ROW()-6) | J81: FALSE | T81: =IF(U81="","",ROW()-6)
... F100: =IF(G100="","",ROW()-6) | J100: FALSE | T100: =IF(U100="","",ROW()-6)
F101: =IF(G101="","",ROW()-6) | T101: =IF(U101="","",ROW()-6)
F102: =IF(G102="","",ROW()-6) | T102: =IF(U102="","",ROW()-6)
F103: =IF(G103="","",ROW()-6) | T103: =IF(U103="","",ROW()-6)
F104: =IF(G104="","",ROW()-6) | T104: =IF(U104="","",ROW()-6)
F105: =IF(G105="","",ROW()-6) | T105: =IF(U105="","",ROW()-6)
F106: =IF(G106="","",ROW()-6) | T106: =IF(U106="","",ROW()-6)
F107: =IF(G107="","",ROW()-6) | T107: =IF(U107="","",ROW()-6)
F108: =IF(G108="","",ROW()-6) | T108: =IF(U108="","",ROW()-6)
F109: =IF(G109="","",ROW()-6) | T109: =IF(U109="","",ROW()-6)
F110: =IF(G110="","",ROW()-6) | T110: =IF(U110="","",ROW()-6)
F111: =IF(G111="","",ROW()-6) | T111: =IF(U111="","",ROW()-6)
F112: =IF(G112="","",ROW()-6) | T112: =IF(U112="","",ROW()-6)
... F198: =IF(G198="","",ROW()-6) | T198: =IF(U198="","",ROW()-6)

Sheet תבניות חובת דיווח
G1: מעבר לדף הבית | H1: מעבר מהיר לגיליון: | I1: לקוחות | J1: אנשי קשר | L1: מעבר לתהליכי עבודה | U1: מעבר לטבלת השדות | W1: מעבר לדף הבית | X1: מעבר מהיר לגיליון: | Y1: DFA | Z1: =VLOOKUP(Y1,'אינדקס'!B13:C91,2) -> פתח גיליון
F2: =CONCATENATE("🎯 מטרות-העל: ", 'אינדקס'!$B$5) -> 🎯 מטרות-העל: https://docs.google.com/open?id=16lBROr6DmzGS3AaRedcxxBk5nYQMegngfhrp90Jz1JQ | V2: =CONCATENATE("🎯 מטרות-העל: ", 'אינדקס'!$B$5) -> 🎯 מטרות-העל: https://docs.google.com/open?id=16lBROr6DmzGS3AaRedcxxBk5nYQMegngfhrp90Jz1JQ
F4: =IF(G4="","",ROW()-6) | T4: =IF(U4="","",ROW()-6) | V4: =IF(W4="","",ROW()-6)
F5: =IF(G5="","",ROW()-6) | T5: =IF(U5="","",ROW()-6) | V5: =IF(W5="","",ROW()-6)
F6: =IF(G6="","",ROW()-6) | T6: =IF(U6="","",ROW()-6) | V6: =IF(W6="","",ROW()-6)
F7: =IF(G7="","",ROW()-6) | T7: =IF(U7="","",ROW()-6) | V7: =IF(W7="","",ROW()-6)
F9: # | G9: קבוצת שדות | H9: שם שדה | I9: סוג שדה | J9: חובה/רשות | K9: ערכים אפשריים | L9: הערות | M9: הרשאות צפייה | N9: הרשאות עריכה | T9: # | U9: שם התהליך | V9: סוג טריגר | W9: פרטי טריגר | X9: תנאי הפעלה (שדה+לוגיקה) | Y9: סטטוס איפיון | Z9: הערות | AC9: שם תהליך | AD9: סוג פעולה | AE9: תיואר פעולה קצר | AF9: תיאור מפורט
B10: שם קבוצה | C10: חוזת או לא | F10: =IF(G10="","",ROW()-9) -> 1 | G10: סוג חומר נדרש | H10: שם החומר | I10: שדה טקסט | J10: FALSE | T10: =IF(U10="","",ROW()-6)
B11: פרטי החובה | C11: FALSE | F11: =IF(G11="","",ROW()-9) -> 2 | G11: סוג חומר נדרש | H11: סוג המסמך | I11: בחירה מרובה | J11: FALSE | T11: =IF(U11="","",ROW()-6)
B12: סוג חומר נדרש | C12: TRUE | F12: =IF(G12="","",ROW()-9) -> 3 | G12: סוג חומר נדרש | H12: קישור לסוגי חומרים | I12: קישור למופע אחר | J12: FALSE | T12: =IF(U12="","",ROW()-6)
C13: FALSE | F13: =IF(G13="","",ROW()-9) -> 4 | G13: סוג חומר נדרש | H13: הערות | I13: איזור שדה טקסט | J13: FALSE | T13: =IF(U13="","",ROW()-6)
C14: FALSE | F14: =IF(G14="","",ROW()-9) -> 5 | G14: פרטי החובה | H14: שם החובה | I14: שדה טקסט | J14: FALSE | T14: =IF(U14="","",ROW()-6)
C15: FALSE | F15: =IF(G15="","",ROW()-9) -> 6 | G15: פרטי החובה | H15: תדירות דיווח | I15: קישור למופע אחר | J15: FALSE | T15: =IF(U15="","",ROW()-6)
C16: FALSE | F16: =IF(G16="","",ROW()-9) -> 7 | G16: פרטי החובה | H16: שירות מפעיל | I16: קישור למופע אחר | J16: FALSE | T16: =IF(U16="","",ROW()-6)
C17: FALSE | F17: =IF(G17="","",ROW()-9) -> 8 | G17: פרטי החובה | H17: חל על סוגי ישיות | I17: שדה מצביע | J17: FALSE | T17: =IF(U17="","",ROW()-6)
C18: FALSE | F18: =IF(G18="","",ROW()-9) -> 9 | G18: פרטי החובה | H18: גרירת תשלום | I18: קישור למופע אחר | J18: FALSE | T18: =IF(U18="","",ROW()-6)
C19: FALSE | F19: =IF(G19="","",ROW()-9) -> 10 | G19: פרטי החובה | H19: תיאור החובה | I19: איזור שדה טקסט | J19: TRUE | T19: =IF(U19="","",ROW()-6)
C20: FALSE | F20: =IF(G20="","",ROW()-9) | J20: FALSE | T20: =IF(U20="","",ROW()-6)
C21: FALSE | F21: =IF(G21="","",ROW()-9) | J21: FALSE | T21: =IF(U21="","",ROW()-6)
C22: FALSE | F22: =IF(G22="","",ROW()-9) | J22: FALSE | T22: =IF(U22="","",ROW()-6)
C23: FALSE | F23: =IF(G23="","",ROW()-9) | J23: FALSE | T23: =IF(U23="","",ROW()-6)
C24: FALSE | F24: =IF(G24="","",ROW()-9) | J24: FALSE | T24: =IF(U24="","",ROW()-6)
C25: FALSE | F25: =IF(G25="","",ROW()-9) | J25: FALSE | T25: =IF(U25="","",ROW()-6)
C26: FALSE | F26: =IF(G26="","",ROW()-9) | J26: FALSE | T26: =IF(U26="","",ROW()-6)
C27: FALSE | F27: =IF(G27="","",ROW()-9) | J27: FALSE | T27: =IF(U27="","",ROW()-6)
C28: FALSE | F28: =IF(G28="","",ROW()-9) | J28: FALSE | T28: =IF(U28="","",ROW()-6)
C29: FALSE | F29: =IF(G29="","",ROW()-9) | J29: FALSE | T29: =IF(U29="","",ROW()-6)
C30: FALSE | F30: =IF(G30="","",ROW()-9) | J30: FALSE | T30: =IF(U30="","",ROW()-6)
F31: =IF(G31="","",ROW()-9) | J31: FALSE | T31: =IF(U31="","",ROW()-6)
F32: =IF(G32="","",ROW()-9) | J32: FALSE | T32: =IF(U32="","",ROW()-6)
F33: =IF(G33="","",ROW()-9) | J33: FALSE | T33: =IF(U33="","",ROW()-6)
F34: =IF(G34="","",ROW()-9) | J34: FALSE | T34: =IF(U34="","",ROW()-6)
F35: =IF(G35="","",ROW()-9) | J35: FALSE | T35: =IF(U35="","",ROW()-6)
F36: =IF(G36="","",ROW()-9) | J36: FALSE | T36: =IF(U36="","",ROW()-6)
F37: =IF(G37="","",ROW()-9) | J37: FALSE | T37: =IF(U37="","",ROW()-6)
F38: =IF(G38="","",ROW()-9) | J38: FALSE | T38: =IF(U38="","",ROW()-6)
F39: =IF(G39="","",ROW()-9) | J39: FALSE | T39: =IF(U39="","",ROW()-6)
F40: =IF(G40="","",ROW()-9) | J40: FALSE | T40: =IF(U40="","",ROW()-6)
F41: =IF(G41="","",ROW()-9) | J41: FALSE | T41: =IF(U41="","",ROW()-6)
F42: =IF(G42="","",ROW()-9) | J42: FALSE | T42: =IF(U42="","",ROW()-6)
... F69: =IF(G69="","",ROW()-9) | J69: FALSE | T69: =IF(U69="","",ROW()-6)
F70: =IF(G70="","",ROW()-6) | J70: FALSE | T70: =IF(U70="","",ROW()-6)
F71: =IF(G71="","",ROW()-6) | J71: FALSE | T71: =IF(U71="","",ROW()-6)
F72: =IF(G72="","",ROW()-6) | J72: FALSE | T72: =IF(U72="","",ROW()-6)
F73: =IF(G73="","",ROW()-6) | J73: FALSE | T73: =IF(U73="","",ROW()-6)
F74: =IF(G74="","",ROW()-6) | J74: FALSE | T74: =IF(U74="","",ROW()-6)
F75: =IF(G75="","",ROW()-6) | J75: FALSE | T75: =IF(U75="","",ROW()-6)
F76: =IF(G76="","",ROW()-6) | J76: FALSE | T76: =IF(U76="","",ROW()-6)
F77: =IF(G77="","",ROW()-6) | J77: FALSE | T77: =IF(U77="","",ROW()-6)
F78: =IF(G78="","",ROW()-6) | J78: FALSE | T78: =IF(U78="","",ROW()-6)
F79: =IF(G79="","",ROW()-6) | J79: FALSE | T79: =IF(U79="","",ROW()-6)
F80: =IF(G80="","",ROW()-6) | J80: FALSE | T80: =IF(U80="","",ROW()-6)
F81: =IF(G81="","",ROW()-6) | J81: FALSE | T81: =IF(U81="","",ROW()-6)
... F100: =IF(G100="","",ROW()-6) | J100: FALSE | T100: =IF(U100="","",ROW()-6)
F101: =IF(G101="","",ROW()-6) | T101: =IF(U101="","",ROW()-6)
F102: =IF(G102="","",ROW()-6) | T102: =IF(U102="","",ROW()-6)
F103: =IF(G103="","",ROW()-6) | T103: =IF(U103="","",ROW()-6)
F104: =IF(G104="","",ROW()-6) | T104: =IF(U104="","",ROW()-6)
F105: =IF(G105="","",ROW()-6) | T105: =IF(U105="","",ROW()-6)
F106: =IF(G106="","",ROW()-6) | T106: =IF(U106="","",ROW()-6)
F107: =IF(G107="","",ROW()-6) | T107: =IF(U107="","",ROW()-6)
F108: =IF(G108="","",ROW()-6) | T108: =IF(U108="","",ROW()-6)
F109: =IF(G109="","",ROW()-6) | T109: =IF(U109="","",ROW()-6)
F110: =IF(G110="","",ROW()-6) | T110: =IF(U110="","",ROW()-6)
F111: =IF(G111="","",ROW()-6) | T111: =IF(U111="","",ROW()-6)
F112: =IF(G112="","",ROW()-6) | T112: =IF(U112="","",ROW()-6)
... F198: =IF(G198="","",ROW()-6) | T198: =IF(U198="","",ROW()-6)

Sheet הגשות
G1: מעבר לדף הבית | H1: מעבר מהיר לגיליון: | I1: ZDSFA | J1: =VLOOKUP(I1,'אינדקס'!B13:C91,2) -> פתח גיליון | L1: מעבר לתהליכי עבודה | U1: מעבר לטבלת השדות | W1: מעבר לדף הבית | X1: מעבר מהיר לגיליון: | Y1: DFA | Z1: =VLOOKUP(Y1,'אינדקס'!B13:C91,2) -> פתח גיליון
F2: =CONCATENATE("🎯 מטרות-העל: ", 'אינדקס'!$B$5) -> 🎯 מטרות-העל: https://docs.google.com/open?id=16lBROr6DmzGS3AaRedcxxBk5nYQMegngfhrp90Jz1JQ | V2: =CONCATENATE("🎯 מטרות-העל: ", 'אינדקס'!$B$5) -> 🎯 מטרות-העל: https://docs.google.com/open?id=16lBROr6DmzGS3AaRedcxxBk5nYQMegngfhrp90Jz1JQ
F4: =IF(G4="","",ROW()-6) | T4: =IF(U4="","",ROW()-6) | V4: =IF(W4="","",ROW()-6)
F5: =IF(G5="","",ROW()-6) | T5: =IF(U5="","",ROW()-6) | V5: =IF(W5="","",ROW()-6)
F6: =IF(G6="","",ROW()-6) | T6: =IF(U6="","",ROW()-6) | V6: =IF(W6="","",ROW()-6)
F7: =IF(G7="","",ROW()-6) | T7: =IF(U7="","",ROW()-6) | V7: =IF(W7="","",ROW()-6)
F9: # | G9: קבוצת שדות | H9: שם שדה | I9: סוג שדה | J9: חובה/רשות | K9: ערכים אפשריים | L9: הערות | M9: הרשאות צפייה | N9: הרשאות עריכה | T9: # | U9: שם התהליך | V9: סוג טריגר | W9: פרטי טריגר | X9: תנאי הפעלה (שדה+לוגיקה) | Y9: סטטוס איפיון | Z9: הערות | AC9: שם תהליך | AD9: סוג פעולה | AE9: תיואר פעולה קצר | AF9: תיאור מפורט
B10: שם קבוצה | C10: חוזת או לא | F10: =IF(G10="","",ROW()-9) -> 1 | G10: פרטי הגשה | H10: שם הלקוח | I10: קישור למופע אחר | J10: FALSE | T10: =IF(U10="","",ROW()-6)
B11: פרטי הגשה | C11: FALSE | F11: =IF(G11="","",ROW()-9) -> 2 | G11: פרטי הגשה | H11: קישור לחובה | I11: קישור למופע אחר | J11: FALSE | T11: =IF(U11="","",ROW()-6)
B12: מסמכים | C12: TRUE | F12: =IF(G12="","",ROW()-9) -> 3 | G12: פרטי הגשה | H12: תיאור החובה | I12: שדה מצביע | J12: FALSE | T12: =IF(U12="","",ROW()-6)
C13: FALSE | F13: =IF(G13="","",ROW()-9) -> 4 | G13: פרטי הגשה | H13: תקופה | I13: קישור למופע אחר | J13: FALSE | T13: =IF(U13="","",ROW()-6)
C14: FALSE | F14: =IF(G14="","",ROW()-9) -> 5 | G14: פרטי הגשה | H14: תאריך יעד | I14: קישור למופע אחר | J14: FALSE | T14: =IF(U14="","",ROW()-6)
C15: FALSE | F15: =IF(G15="","",ROW()-9) -> 6 | G15: פרטי הגשה | H15: סטטוס | I15: תיבת בחירה | J15: FALSE | T15: =IF(U15="","",ROW()-6)
C16: FALSE | F16: =IF(G16="","",ROW()-9) -> 7 | G16: פרטי הגשה | H16: עובד מבצע | I16: קישור למופע אחר | J16: FALSE | T16: =IF(U16="","",ROW()-6)
C17: FALSE | F17: =IF(G17="","",ROW()-9) -> 8 | G17: פרטי הגשה | H17: עדיפות | I17: שדה נוסחה | J17: FALSE | T17: =IF(U17="","",ROW()-6)
C18: FALSE | F18: =IF(G18="","",ROW()-9) -> 9 | G18: פרטי הגשה | H18: תאריך הגשה בפועל | I18: שדה תאריך/זמן | J18: FALSE | T18: =IF(U18="","",ROW()-6)
C19: FALSE | F19: =IF(G19="","",ROW()-9) -> 10 | G19: פרטי הגשה | H19: ימים עד תאריך יעד | I19: שדה נוסחה | J19: FALSE | T19: =IF(U19="","",ROW()-6)
C20: FALSE | F20: =IF(G20="","",ROW()-9) -> 11 | G20: פרטי הגשה | H20: קישור להגשת שכר | I20: קישור למופע אחר | J20: FALSE | L20: רק במקרה של הגשה שכר | T20: =IF(U20="","",ROW()-6)
C21: FALSE | F21: =IF(G21="","",ROW()-9) -> 12 | G21: פרטי הגשה | H21: פתיחת ההגשה | I21: צ'ק בוקס | J21: FALSE | T21: =IF(U21="","",ROW()-6)
C22: FALSE | F22: =IF(G22="","",ROW()-9) -> 13 | G22: פרטי הגשה | H22: דגל סיכון | I22: שדה נוסחה | J22: FALSE | T22: =IF(U22="","",ROW()-6)
C23: FALSE | F23: =IF(G23="","",ROW()-9) -> 14 | G23: מסמכים | H23: שם החומר | I23: שדה טקסט | J23: FALSE | T23: =IF(U23="","",ROW()-6)
C24: FALSE | F24: =IF(G24="","",ROW()-9) -> 15 | G24: מסמכים | H24: סוג המסמך | I24: בחירה מרובה | J24: FALSE | T24: =IF(U24="","",ROW()-6)
C25: FALSE | F25: =IF(G25="","",ROW()-9) -> 16 | G25: מסמכים | H25: קישור לחומר תקופתי | I25: קישור למופע אחר | J25: FALSE | T25: =IF(U25="","",ROW()-6)
C26: FALSE | F26: =IF(G26="","",ROW()-9) -> 17 | G26: מסמכים | H26: הערות | I26: איזור שדה טקסט | J26: FALSE | T26: =IF(U26="","",ROW()-6)
C27: FALSE | F27: =IF(G27="","",ROW()-9) | J27: FALSE | T27: =IF(U27="","",ROW()-6)
C28: FALSE | F28: =IF(G28="","",ROW()-9) | J28: FALSE | T28: =IF(U28="","",ROW()-6)
C29: FALSE | F29: =IF(G29="","",ROW()-9) | J29: FALSE | T29: =IF(U29="","",ROW()-6)
C30: FALSE | F30: =IF(G30="","",ROW()-9) | J30: FALSE | T30: =IF(U30="","",ROW()-6)
F31: =IF(G31="","",ROW()-9) | J31: FALSE | T31: =IF(U31="","",ROW()-6)
F32: =IF(G32="","",ROW()-9) | J32: FALSE | T32: =IF(U32="","",ROW()-6)
F33: =IF(G33="","",ROW()-9) | J33: FALSE | T33: =IF(U33="","",ROW()-6)
F34: =IF(G34="","",ROW()-9) | J34: FALSE | T34: =IF(U34="","",ROW()-6)
F35: =IF(G35="","",ROW()-9) | J35: FALSE | T35: =IF(U35="","",ROW()-6)
F36: =IF(G36="","",ROW()-9) | J36: FALSE | T36: =IF(U36="","",ROW()-6)
F37: =IF(G37="","",ROW()-9) | J37: FALSE | T37: =IF(U37="","",ROW()-6)
F38: =IF(G38="","",ROW()-9) | J38: FALSE | T38: =IF(U38="","",ROW()-6)
F39: =IF(G39="","",ROW()-9) | J39: FALSE | T39: =IF(U39="","",ROW()-6)
F40: =IF(G40="","",ROW()-9) | J40: FALSE | T40: =IF(U40="","",ROW()-6)
F41: =IF(G41="","",ROW()-9) | J41: FALSE | T41: =IF(U41="","",ROW()-6)
F42: =IF(G42="","",ROW()-9) | J42: FALSE | T42: =IF(U42="","",ROW()-6)
... F69: =IF(G69="","",ROW()-9) | J69: FALSE | T69: =IF(U69="","",ROW()-6)
F70: =IF(G70="","",ROW()-6) | J70: FALSE | T70: =IF(U70="","",ROW()-6)
F71: =IF(G71="","",ROW()-6) | J71: FALSE | T71: =IF(U71="","",ROW()-6)
F72: =IF(G72="","",ROW()-6) | J72: FALSE | T72: =IF(U72="","",ROW()-6)
F73: =IF(G73="","",ROW()-6) | J73: FALSE | T73: =IF(U73="","",ROW()-6)
F74: =IF(G74="","",ROW()-6) | J74: FALSE | T74: =IF(U74="","",ROW()-6)
F75: =IF(G75="","",ROW()-6) | J75: FALSE | T75: =IF(U75="","",ROW()-6)
F76: =IF(G76="","",ROW()-6) | J76: FALSE | T76: =IF(U76="","",ROW()-6)
F77: =IF(G77="","",ROW()-6) | J77: FALSE | T77: =IF(U77="","",ROW()-6)
F78: =IF(G78="","",ROW()-6) | J78: FALSE | T78: =IF(U78="","",ROW()-6)
F79: =IF(G79="","",ROW()-6) | J79: FALSE | T79: =IF(U79="","",ROW()-6)
F80: =IF(G80="","",ROW()-6) | J80: FALSE | T80: =IF(U80="","",ROW()-6)
F81: =IF(G81="","",ROW()-6) | J81: FALSE | T81: =IF(U81="","",ROW()-6)
... F100: =IF(G100="","",ROW()-6) | J100: FALSE | T100: =IF(U100="","",ROW()-6)
F101: =IF(G101="","",ROW()-6) | T101: =IF(U101="","",ROW()-6)
F102: =IF(G102="","",ROW()-6) | T102: =IF(U102="","",ROW()-6)
F103: =IF(G103="","",ROW()-6) | T103: =IF(U103="","",ROW()-6)
F104: =IF(G104="","",ROW()-6) | T104: =IF(U104="","",ROW()-6)
F105: =IF(G105="","",ROW()-6) | T105: =IF(U105="","",ROW()-6)
F106: =IF(G106="","",ROW()-6) | T106: =IF(U106="","",ROW()-6)
F107: =IF(G107="","",ROW()-6) | T107: =IF(U107="","",ROW()-6)
F108: =IF(G108="","",ROW()-6) | T108: =IF(U108="","",ROW()-6)
F109: =IF(G109="","",ROW()-6) | T109: =IF(U109="","",ROW()-6)
F110: =IF(G110="","",ROW()-6) | T110: =IF(U110="","",ROW()-6)
F111: =IF(G111="","",ROW()-6) | T111: =IF(U111="","",ROW()-6)
F112: =IF(G112="","",ROW()-6) | T112: =IF(U112="","",ROW()-6)
... F198: =IF(G198="","",ROW()-6) | T198: =IF(U198="","",ROW()-6)

Sheet דרישת חומר תקופתי
G1: מעבר לדף הבית | H1: מעבר מהיר לגיליון: | I1: ZDSFA | J1: =VLOOKUP(I1,'אינדקס'!B13:C91,2) -> פתח גיליון | L1: מעבר לתהליכי עבודה | U1: מעבר לטבלת השדות | W1: מעבר לדף הבית | X1: מעבר מהיר לגיליון: | Y1: DFA | Z1: =VLOOKUP(Y1,'אינדקס'!B13:C91,2) -> פתח גיליון
F2: =CONCATENATE("🎯 מטרות-העל: ", 'אינדקס'!$B$5) -> 🎯 מטרות-העל: https://docs.google.com/open?id=16lBROr6DmzGS3AaRedcxxBk5nYQMegngfhrp90Jz1JQ | V2: =CONCATENATE("🎯 מטרות-העל: ", 'אינדקס'!$B$5) -> 🎯 מטרות-העל: https://docs.google.com/open?id=16lBROr6DmzGS3AaRedcxxBk5nYQMegngfhrp90Jz1JQ
F4: =IF(G4="","",ROW()-6) | T4: =IF(U4="","",ROW()-6) | V4: =IF(W4="","",ROW()-6)
F5: =IF(G5="","",ROW()-6) | T5: =IF(U5="","",ROW()-6) | V5: =IF(W5="","",ROW()-6)
F6: =IF(G6="","",ROW()-6) | T6: =IF(U6="","",ROW()-6) | V6: =IF(W6="","",ROW()-6)
F7: =IF(G7="","",ROW()-6) | T7: =IF(U7="","",ROW()-6) | V7: =IF(W7="","",ROW()-6)
F9: # | G9: קבוצת שדות | H9: שם שדה | I9: סוג שדה | J9: חובה/רשות | K9: ערכים אפשריים | L9: הערות | M9: הרשאות צפייה | N9: הרשאות עריכה | T9: # | U9: שם התהליך | V9: סוג טריגר | W9: פרטי טריגר | X9: תנאי הפעלה (שדה+לוגיקה) | Y9: סטטוס איפיון | Z9: הערות | AC9: שם תהליך | AD9: סוג פעולה | AE9: תיואר פעולה קצר | AF9: תיאור מפורט
B10: שם קבוצה | C10: חוזת או לא | F10: =IF(G10="","",ROW()-9) -> 1 | G10: פרטי החומר הנדרש | H10: סוג פריט | I10: קישור למופע אחר | J10: FALSE | T10: =IF(U10="","",ROW()-6)
B11: פרטי החומר הנדרש | C11: FALSE | F11: =IF(G11="","",ROW()-9) -> 2 | G11: פרטי החומר הנדרש | H11: שם הלקוח | I11: קישור למופע אחר | J11: FALSE | T11: =IF(U11="","",ROW()-6)
C12: FALSE | F12: =IF(G12="","",ROW()-9) -> 3 | G12: פרטי החומר הנדרש | H12: לתקופת | I12: קישור למופע אחר | J12: FALSE | T12: =IF(U12="","",ROW()-6)
C13: FALSE | F13: =IF(G13="","",ROW()-9) -> 4 | G13: פרטי החומר הנדרש | H13: סטטוס | I13: צ'ק בוקס | J13: FALSE | T13: =IF(U13="","",ROW()-6)
C14: FALSE | F14: =IF(G14="","",ROW()-9) -> 5 | G14: פרטי החומר הנדרש | H14: תאריך השלמת קבלה בפועל | I14: שדה תאריך/זמן | J14: FALSE | T14: =IF(U14="","",ROW()-6)
C15: FALSE | F15: =IF(G15="","",ROW()-9) -> 6 | G15: פרטי החומר הנדרש | H15: ריבוי | I15: צ'ק בוקס | J15: FALSE | T15: =IF(U15="","",ROW()-6)
C16: FALSE | F16: =IF(G16="","",ROW()-9) -> 7 | G16: פרטי החומר הנדרש | H16: קישור לאישור | I16: קישור למופע אחר | J16: FALSE | T16: =IF(U16="","",ROW()-6)
C17: FALSE | F17: =IF(G17="","",ROW()-9) -> 8 | G17: פרטי החומר הנדרש | H17: קישור לאינטרקציה | I17: קישור למופע אחר | J17: FALSE | T17: =IF(U17="","",ROW()-6)
C18: FALSE | F18: =IF(G18="","",ROW()-9) | J18: FALSE | T18: =IF(U18="","",ROW()-6)
C19: FALSE | F19: =IF(G19="","",ROW()-9) | J19: FALSE | T19: =IF(U19="","",ROW()-6)
C20: FALSE | F20: =IF(G20="","",ROW()-9) | J20: FALSE | T20: =IF(U20="","",ROW()-6)
C21: FALSE | F21: =IF(G21="","",ROW()-9) | J21: FALSE | T21: =IF(U21="","",ROW()-6)
C22: FALSE | F22: =IF(G22="","",ROW()-9) | J22: FALSE | T22: =IF(U22="","",ROW()-6)
C23: FALSE | F23: =IF(G23="","",ROW()-9) | J23: FALSE | T23: =IF(U23="","",ROW()-6)
C24: FALSE | F24: =IF(G24="","",ROW()-9) | J24: FALSE | T24: =IF(U24="","",ROW()-6)
C25: FALSE | F25: =IF(G25="","",ROW()-9) | J25: FALSE | T25: =IF(U25="","",ROW()-6)
C26: FALSE | F26: =IF(G26="","",ROW()-9) | J26: FALSE | T26: =IF(U26="","",ROW()-6)
C27: FALSE | F27: =IF(G27="","",ROW()-9) | J27: FALSE | T27: =IF(U27="","",ROW()-6)
C28: FALSE | F28: =IF(G28="","",ROW()-9) | J28: FALSE | T28: =IF(U28="","",ROW()-6)
C29: FALSE | F29: =IF(G29="","",ROW()-9) | J29: FALSE | T29: =IF(U29="","",ROW()-6)
C30: FALSE | F30: =IF(G30="","",ROW()-9) | J30: FALSE | T30: =IF(U30="","",ROW()-6)
F31: =IF(G31="","",ROW()-9) | J31: FALSE | T31: =IF(U31="","",ROW()-6)
F32: =IF(G32="","",ROW()-9) | J32: FALSE | T32: =IF(U32="","",ROW()-6)
F33: =IF(G33="","",ROW()-9) | J33: FALSE | T33: =IF(U33="","",ROW()-6)
F34: =IF(G34="","",ROW()-9) | J34: FALSE | T34: =IF(U34="","",ROW()-6)
F35: =IF(G35="","",ROW()-9) | J35: FALSE | T35: =IF(U35="","",ROW()-6)
F36: =IF(G36="","",ROW()-9) | J36: FALSE | T36: =IF(U36="","",ROW()-6)
F37: =IF(G37="","",ROW()-9) | J37: FALSE | T37: =IF(U37="","",ROW()-6)
F38: =IF(G38="","",ROW()-9) | J38: FALSE | T38: =IF(U38="","",ROW()-6)
F39: =IF(G39="","",ROW()-9) | J39: FALSE | T39: =IF(U39="","",ROW()-6)
F40: =IF(G40="","",ROW()-9) | J40: FALSE | T40: =IF(U40="","",ROW()-6)
F41: =IF(G41="","",ROW()-9) | J41: FALSE | T41: =IF(U41="","",ROW()-6)
F42: =IF(G42="","",ROW()-9) | J42: FALSE | T42: =IF(U42="","",ROW()-6)
... F69: =IF(G69="","",ROW()-9) | J69: FALSE | T69: =IF(U69="","",ROW()-6)
F70: =IF(G70="","",ROW()-6) | J70: FALSE | T70: =IF(U70="","",ROW()-6)
F71: =IF(G71="","",ROW()-6) | J71: FALSE | T71: =IF(U71="","",ROW()-6)
F72: =IF(G72="","",ROW()-6) | J72: FALSE | T72: =IF(U72="","",ROW()-6)
F73: =IF(G73="","",ROW()-6) | J73: FALSE | T73: =IF(U73="","",ROW()-6)
F74: =IF(G74="","",ROW()-6) | J74: FALSE | T74: =IF(U74="","",ROW()-6)
F75: =IF(G75="","",ROW()-6) | J75: FALSE | T75: =IF(U75="","",ROW()-6)
F76: =IF(G76="","",ROW()-6) | J76: FALSE | T76: =IF(U76="","",ROW()-6)
F77: =IF(G77="","",ROW()-6) | J77: FALSE | T77: =IF(U77="","",ROW()-6)
F78: =IF(G78="","",ROW()-6) | J78: FALSE | T78: =IF(U78="","",ROW()-6)
F79: =IF(G79="","",ROW()-6) | J79: FALSE | T79: =IF(U79="","",ROW()-6)
F80: =IF(G80="","",ROW()-6) | J80: FALSE | T80: =IF(U80="","",ROW()-6)
F81: =IF(G81="","",ROW()-6) | J81: FALSE | T81: =IF(U81="","",ROW()-6)
... F100: =IF(G100="","",ROW()-6) | J100: FALSE | T100: =IF(U100="","",ROW()-6)
F101: =IF(G101="","",ROW()-6) | T101: =IF(U101="","",ROW()-6)
F102: =IF(G102="","",ROW()-6) | T102: =IF(U102="","",ROW()-6)
F103: =IF(G103="","",ROW()-6) | T103: =IF(U103="","",ROW()-6)
F104: =IF(G104="","",ROW()-6) | T104: =IF(U104="","",ROW()-6)
F105: =IF(G105="","",ROW()-6) | T105: =IF(U105="","",ROW()-6)
F106: =IF(G106="","",ROW()-6) | T106: =IF(U106="","",ROW()-6)
F107: =IF(G107="","",ROW()-6) | T107: =IF(U107="","",ROW()-6)
F108: =IF(G108="","",ROW()-6) | T108: =IF(U108="","",ROW()-6)
F109: =IF(G109="","",ROW()-6) | T109: =IF(U109="","",ROW()-6)
F110: =IF(G110="","",ROW()-6) | T110: =IF(U110="","",ROW()-6)
F111: =IF(G111="","",ROW()-6) | T111: =IF(U111="","",ROW()-6)
F112: =IF(G112="","",ROW()-6) | T112: =IF(U112="","",ROW()-6)
... F198: =IF(G198="","",ROW()-6) | T198: =IF(U198="","",ROW()-6)

Sheet מסמכים
G1: מעבר לדף הבית | H1: מעבר מהיר לגיליון: | I1: ZDSFA | J1: =VLOOKUP(I1,'אינדקס'!B13:C91,2) -> פתח גיליון | L1: מעבר לתהליכי עבודה | U1: מעבר לטבלת השדות | W1: מעבר לדף הבית | X1: מעבר מהיר לגיליון: | Y1: DFA | Z1: =VLOOKUP(Y1,'אינדקס'!B13:C91,2) -> פתח גיליון
F2: =CONCATENATE("🎯 מטרות-העל: ", 'אינדקס'!$B$5) -> 🎯 מטרות-העל: https://docs.google.com/open?id=16lBROr6DmzGS3AaRedcxxBk5nYQMegngfhrp90Jz1JQ | V2: =CONCATENATE("🎯 מטרות-העל: ", 'אינדקס'!$B$5) -> 🎯 מטרות-העל: https://docs.google.com/open?id=16lBROr6DmzGS3AaRedcxxBk5nYQMegngfhrp90Jz1JQ
F4: =IF(G4="","",ROW()-6) | T4: =IF(U4="","",ROW()-6) | V4: =IF(W4="","",ROW()-6)
F5: =IF(G5="","",ROW()-6) | T5: =IF(U5="","",ROW()-6) | V5: =IF(W5="","",ROW()-6)
F6: =IF(G6="","",ROW()-6) | T6: =IF(U6="","",ROW()-6) | V6: =IF(W6="","",ROW()-6)
F7: =IF(G7="","",ROW()-6) | T7: =IF(U7="","",ROW()-6) | V7: =IF(W7="","",ROW()-6)
F9: # | G9: קבוצת שדות | H9: שם שדה | I9: סוג שדה | J9: חובה/רשות | K9: ערכים אפשריים | L9: הערות | M9: הרשאות צפייה | N9: הרשאות עריכה | T9: # | U9: שם התהליך | V9: סוג טריגר | W9: פרטי טריגר | X9: תנאי הפעלה (שדה+לוגיקה) | Y9: סטטוס איפיון | Z9: הערות | AC9: שם תהליך | AD9: סוג פעולה | AE9: תיואר פעולה קצר | AF9: תיאור מפורט
B10: שם קבוצה | C10: חוזת או לא | F10: =IF(G10="","",ROW()-9) -> 1 | G10: פרטי מסמך | H10: שם / כותרת | I10: שדה טקסט | J10: FALSE | T10: =IF(U10="","",ROW()-6)
B11: פרטי מסמך | C11: FALSE | F11: =IF(G11="","",ROW()-9) -> 2 | G11: פרטי מסמך | H11: קובץ | I11: העלאת קבצים | J11: FALSE | T11: =IF(U11="","",ROW()-6)
C12: FALSE | F12: =IF(G12="","",ROW()-9) -> 3 | G12: פרטי מסמך | H12: לקוח | I12: קישור למופע אחר | J12: FALSE | T12: =IF(U12="","",ROW()-6)
C13: FALSE | F13: =IF(G13="","",ROW()-9) -> 4 | G13: פרטי מסמך | H13: סוג מסמך | I13: קישור למופע אחר | J13: FALSE | T13: =IF(U13="","",ROW()-6)
C14: FALSE | F14: =IF(G14="","",ROW()-9) -> 5 | G14: פרטי מסמך | H14: קטגוריה | I14: שדה נוסחה | J14: FALSE | T14: =IF(U14="","",ROW()-6)
C15: FALSE | F15: =IF(G15="","",ROW()-9) -> 6 | G15: פרטי מסמך | H15: קישור לחומר תקופתי | I15: קישור למופע אחר | J15: FALSE | T15: =IF(U15="","",ROW()-6)
C16: FALSE | F16: =IF(G16="","",ROW()-9) -> 7 | G16: פרטי מסמך | H16: התקבל באמצעות | I16: תיבת בחירה | J16: FALSE | T16: =IF(U16="","",ROW()-6)
C17: FALSE | F17: =IF(G17="","",ROW()-9) -> 8 | G17: פרטי מסמך | H17: התקבל בתאריך | I17: שדה תאריך/זמן | J17: FALSE | T17: =IF(U17="","",ROW()-6)
C18: FALSE | F18: =IF(G18="","",ROW()-9) -> 9 | G18: פרטי מסמך | H18: אינטראקציה מקושרת (אופציונלי) | I18: קישור למופע אחר | J18: FALSE | T18: =IF(U18="","",ROW()-6)
C19: FALSE | F19: =IF(G19="","",ROW()-9) -> 10 | G19: פרטי מסמך | H19: סטטוס מסמך | I19: תיבת בחירה | J19: FALSE | T19: =IF(U19="","",ROW()-6)
C20: FALSE | F20: =IF(G20="","",ROW()-9) -> 11 | G20: פרטי מסמך | H20: הערה | I20: איזור שדה טקסט | J20: FALSE | T20: =IF(U20="","",ROW()-6)
C21: FALSE | F21: =IF(G21="","",ROW()-9) -> 12 | G21: פרטי מסמך | H21: בתוקף עד | I21: שדה תאריך/זמן | J21: FALSE | T21: =IF(U21="","",ROW()-6)
C22: FALSE | F22: =IF(G22="","",ROW()-9) -> 13 | G22: פרטי מסמך | H22: סטטוס תוקף | I22: שדה נוסחה | J22: FALSE | T22: =IF(U22="","",ROW()-6)
C23: FALSE | F23: =IF(G23="","",ROW()-9) | J23: FALSE | T23: =IF(U23="","",ROW()-6)
C24: FALSE | F24: =IF(G24="","",ROW()-9) | J24: FALSE | T24: =IF(U24="","",ROW()-6)
C25: FALSE | F25: =IF(G25="","",ROW()-9) | J25: FALSE | T25: =IF(U25="","",ROW()-6)
C26: FALSE | F26: =IF(G26="","",ROW()-9) | J26: FALSE | T26: =IF(U26="","",ROW()-6)
C27: FALSE | F27: =IF(G27="","",ROW()-9) | J27: FALSE | T27: =IF(U27="","",ROW()-6)
C28: FALSE | F28: =IF(G28="","",ROW()-9) | J28: FALSE | T28: =IF(U28="","",ROW()-6)
C29: FALSE | F29: =IF(G29="","",ROW()-9) | J29: FALSE | T29: =IF(U29="","",ROW()-6)
C30: FALSE | F30: =IF(G30="","",ROW()-9) | J30: FALSE | T30: =IF(U30="","",ROW()-6)
F31: =IF(G31="","",ROW()-9) | J31: FALSE | T31: =IF(U31="","",ROW()-6)
F32: =IF(G32="","",ROW()-9) | J32: FALSE | T32: =IF(U32="","",ROW()-6)
F33: =IF(G33="","",ROW()-9) | J33: FALSE | T33: =IF(U33="","",ROW()-6)
F34: =IF(G34="","",ROW()-9) | J34: FALSE | T34: =IF(U34="","",ROW()-6)
F35: =IF(G35="","",ROW()-9) | J35: FALSE | T35: =IF(U35="","",ROW()-6)
F36: =IF(G36="","",ROW()-9) | J36: FALSE | T36: =IF(U36="","",ROW()-6)
F37: =IF(G37="","",ROW()-9) | J37: FALSE | T37: =IF(U37="","",ROW()-6)
F38: =IF(G38="","",ROW()-9) | J38: FALSE | T38: =IF(U38="","",ROW()-6)
F39: =IF(G39="","",ROW()-9) | J39: FALSE | T39: =IF(U39="","",ROW()-6)
F40: =IF(G40="","",ROW()-9) | J40: FALSE | T40: =IF(U40="","",ROW()-6)
F41: =IF(G41="","",ROW()-9) | J41: FALSE | T41: =IF(U41="","",ROW()-6)
F42: =IF(G42="","",ROW()-9) | J42: FALSE | T42: =IF(U42="","",ROW()-6)
... F69: =IF(G69="","",ROW()-9) | J69: FALSE | T69: =IF(U69="","",ROW()-6)
F70: =IF(G70="","",ROW()-6) | J70: FALSE | T70: =IF(U70="","",ROW()-6)
F71: =IF(G71="","",ROW()-6) | J71: FALSE | T71: =IF(U71="","",ROW()-6)
F72: =IF(G72="","",ROW()-6) | J72: FALSE | T72: =IF(U72="","",ROW()-6)
F73: =IF(G73="","",ROW()-6) | J73: FALSE | T73: =IF(U73="","",ROW()-6)
F74: =IF(G74="","",ROW()-6) | J74: FALSE | T74: =IF(U74="","",ROW()-6)
F75: =IF(G75="","",ROW()-6) | J75: FALSE | T75: =IF(U75="","",ROW()-6)
F76: =IF(G76="","",ROW()-6) | J76: FALSE | T76: =IF(U76="","",ROW()-6)
F77: =IF(G77="","",ROW()-6) | J77: FALSE | T77: =IF(U77="","",ROW()-6)
F78: =IF(G78="","",ROW()-6) | J78: FALSE | T78: =IF(U78="","",ROW()-6)
F79: =IF(G79="","",ROW()-6) | J79: FALSE | T79: =IF(U79="","",ROW()-6)
F80: =IF(G80="","",ROW()-6) | J80: FALSE | T80: =IF(U80="","",ROW()-6)
F81: =IF(G81="","",ROW()-6) | J81: FALSE | T81: =IF(U81="","",ROW()-6)
... F100: =IF(G100="","",ROW()-6) | J100: FALSE | T100: =IF(U100="","",ROW()-6)
F101: =IF(G101="","",ROW()-6) | T101: =IF(U101="","",ROW()-6)
F102: =IF(G102="","",ROW()-6) | T102: =IF(U102="","",ROW()-6)
F103: =IF(G103="","",ROW()-6) | T103: =IF(U103="","",ROW()-6)
F104: =IF(G104="","",ROW()-6) | T104: =IF(U104="","",ROW()-6)
F105: =IF(G105="","",ROW()-6) | T105: =IF(U105="","",ROW()-6)
F106: =IF(G106="","",ROW()-6) | T106: =IF(U106="","",ROW()-6)
F107: =IF(G107="","",ROW()-6) | T107: =IF(U107="","",ROW()-6)
F108: =IF(G108="","",ROW()-6) | T108: =IF(U108="","",ROW()-6)
F109: =IF(G109="","",ROW()-6) | T109: =IF(U109="","",ROW()-6)
F110: =IF(G110="","",ROW()-6) | T110: =IF(U110="","",ROW()-6)
F111: =IF(G111="","",ROW()-6) | T111: =IF(U111="","",ROW()-6)
F112: =IF(G112="","",ROW()-6) | T112: =IF(U112="","",ROW()-6)
... F198: =IF(G198="","",ROW()-6) | T198: =IF(U198="","",ROW()-6)

Sheet אישורים והוראות לקוח
G1: מעבר לדף הבית | H1: מעבר מהיר לגיליון: | I1: אישורים והוראות לקוח | J1: =VLOOKUP(I1,'אינדקס'!B13:C91,2) -> #N/A | L1: מעבר לתהליכי עבודה | U1: מעבר לטבלת השדות | W1: מעבר לדף הבית | X1: מעבר מהיר לגיליון: | Y1: DFA | Z1: =VLOOKUP(Y1,'אינדקס'!B13:C91,2) -> פתח גיליון
F2: =CONCATENATE("🎯 מטרות-העל: ", 'אינדקס'!$B$5) -> 🎯 מטרות-העל: https://docs.google.com/open?id=16lBROr6DmzGS3AaRedcxxBk5nYQMegngfhrp90Jz1JQ | V2: =CONCATENATE("🎯 מטרות-העל: ", 'אינדקס'!$B$5) -> 🎯 מטרות-העל: https://docs.google.com/open?id=16lBROr6DmzGS3AaRedcxxBk5nYQMegngfhrp90Jz1JQ
F4: =IF(G4="","",ROW()-6) | T4: =IF(U4="","",ROW()-6) | V4: =IF(W4="","",ROW()-6)
F5: =IF(G5="","",ROW()-6) | T5: =IF(U5="","",ROW()-6) | V5: =IF(W5="","",ROW()-6)
F6: =IF(G6="","",ROW()-6) | T6: =IF(U6="","",ROW()-6) | V6: =IF(W6="","",ROW()-6)
F7: =IF(G7="","",ROW()-6) | T7: =IF(U7="","",ROW()-6) | V7: =IF(W7="","",ROW()-6)
F9: # | G9: קבוצת שדות | H9: שם שדה | I9: סוג שדה | J9: חובה/רשות | K9: ערכים אפשריים | L9: הערות | M9: הרשאות צפייה | N9: הרשאות עריכה | T9: # | U9: שם התהליך | V9: סוג טריגר | W9: פרטי טריגר | X9: תנאי הפעלה (שדה+לוגיקה) | Y9: סטטוס איפיון | Z9: הערות | AC9: שם תהליך | AD9: סוג פעולה | AE9: תיואר פעולה קצר | AF9: תיאור מפורט
B10: שם קבוצה | C10: חוזת או לא | F10: =IF(G10="","",ROW()-9) -> 1 | G10: פרטי אישור /הוראה | H10: שם הלקוח | I10: קישור למופע אחר | J10: FALSE | T10: =IF(U10="","",ROW()-6)
B11: פרטי אישור /הוראה | C11: FALSE | F11: =IF(G11="","",ROW()-9) -> 2 | G11: פרטי אישור /הוראה | H11: נושא ההוראה | I11: איזור שדה טקסט | J11: FALSE | T11: =IF(U11="","",ROW()-6)
C12: FALSE | F12: =IF(G12="","",ROW()-9) -> 3 | G12: פרטי אישור /הוראה | H12: חותמת זמן | I12: שדה תאריך/זמן | J12: FALSE | T12: =IF(U12="","",ROW()-6)
C13: FALSE | F13: =IF(G13="","",ROW()-9) -> 4 | G13: פרטי אישור /הוראה | H13: ניתן ע"י | I13: קישור למופע אחר | J13: FALSE | T13: =IF(U13="","",ROW()-6)
C14: FALSE | F14: =IF(G14="","",ROW()-9) -> 5 | G14: פרטי אישור /הוראה | H14: מסמך מצורף (אופצונאלי) | I14: קישור למופע אחר | J14: FALSE | T14: =IF(U14="","",ROW()-6)
C15: FALSE | F15: =IF(G15="","",ROW()-9) -> 6 | G15: פרטי אישור /הוראה | H15: קישור להגשה | I15: קישור למופע אחר | J15: FALSE | T15: =IF(U15="","",ROW()-6)
C16: FALSE | F16: =IF(G16="","",ROW()-9) -> 7 | G16: פרטי אישור /הוראה | H16: הרצת שכר | I16: קישור למופע אחר | J16: FALSE | T16: =IF(U16="","",ROW()-6)
C17: FALSE | F17: =IF(G17="","",ROW()-9) -> 8 | G17: פרטי אישור /הוראה | H17: חומר תקופתי | I17: קישור למופע אחר | J17: FALSE | T17: =IF(U17="","",ROW()-6)
C18: FALSE | F18: =IF(G18="","",ROW()-9) -> 9 | G18: פרטי אישור /הוראה | H18: חובות מס | I18: קישור למופע אחר | J18: FALSE | T18: =IF(U18="","",ROW()-6)
C19: FALSE | F19: =IF(G19="","",ROW()-9) -> 10 | G19: פרטי אישור /הוראה | H19: מטלה | I19: קישור למופע אחר | J19: FALSE | T19: =IF(U19="","",ROW()-6)
C20: FALSE | F20: =IF(G20="","",ROW()-9) -> 11 | G20: פרטי אישור /הוראה | H20: הסכם תמחור | I20: קישור למופע אחר | J20: FALSE | T20: =IF(U20="","",ROW()-6)
C21: FALSE | F21: =IF(G21="","",ROW()-9) -> 12 | G21: פרטי אישור /הוראה | H21: עסקה | I21: קישור למופע אחר | J21: FALSE | T21: =IF(U21="","",ROW()-6)
C22: FALSE | F22: =IF(G22="","",ROW()-9) -> 13 | G22: פרטי אישור /הוראה | H22: תהליך קליטה | I22: קישור למופע אחר | J22: FALSE | T22: =IF(U22="","",ROW()-6)
C23: FALSE | F23: =IF(G23="","",ROW()-9) -> 14 | G23: פרטי אישור /הוראה | H23: אינטרקציה יוצרת | I23: קישור למופע אחר | J23: FALSE | T23: =IF(U23="","",ROW()-6)
C24: FALSE | F24: =IF(G24="","",ROW()-9) | J24: FALSE | T24: =IF(U24="","",ROW()-6)
C25: FALSE | F25: =IF(G25="","",ROW()-9) | J25: FALSE | T25: =IF(U25="","",ROW()-6)
C26: FALSE | F26: =IF(G26="","",ROW()-9) | J26: FALSE | T26: =IF(U26="","",ROW()-6)
C27: FALSE | F27: =IF(G27="","",ROW()-9) | J27: FALSE | T27: =IF(U27="","",ROW()-6)
C28: FALSE | F28: =IF(G28="","",ROW()-9) | J28: FALSE | T28: =IF(U28="","",ROW()-6)
C29: FALSE | F29: =IF(G29="","",ROW()-9) | J29: FALSE | T29: =IF(U29="","",ROW()-6)
C30: FALSE | F30: =IF(G30="","",ROW()-9) | J30: FALSE | T30: =IF(U30="","",ROW()-6)
F31: =IF(G31="","",ROW()-9) | J31: FALSE | T31: =IF(U31="","",ROW()-6)
F32: =IF(G32="","",ROW()-9) | J32: FALSE | T32: =IF(U32="","",ROW()-6)
F33: =IF(G33="","",ROW()-9) | J33: FALSE | T33: =IF(U33="","",ROW()-6)
F34: =IF(G34="","",ROW()-9) | J34: FALSE | T34: =IF(U34="","",ROW()-6)
F35: =IF(G35="","",ROW()-9) | J35: FALSE | T35: =IF(U35="","",ROW()-6)
F36: =IF(G36="","",ROW()-9) | J36: FALSE | T36: =IF(U36="","",ROW()-6)
F37: =IF(G37="","",ROW()-9) | J37: FALSE | T37: =IF(U37="","",ROW()-6)
F38: =IF(G38="","",ROW()-9) | J38: FALSE | T38: =IF(U38="","",ROW()-6)
F39: =IF(G39="","",ROW()-9) | J39: FALSE | T39: =IF(U39="","",ROW()-6)
F40: =IF(G40="","",ROW()-9) | J40: FALSE | T40: =IF(U40="","",ROW()-6)
F41: =IF(G41="","",ROW()-9) | J41: FALSE | T41: =IF(U41="","",ROW()-6)
F42: =IF(G42="","",ROW()-9) | J42: FALSE | T42: =IF(U42="","",ROW()-6)
... F69: =IF(G69="","",ROW()-9) | J69: FALSE | T69: =IF(U69="","",ROW()-6)
F70: =IF(G70="","",ROW()-6) | J70: FALSE | T70: =IF(U70="","",ROW()-6)
F71: =IF(G71="","",ROW()-6) | J71: FALSE | T71: =IF(U71="","",ROW()-6)
F72: =IF(G72="","",ROW()-6) | J72: FALSE | T72: =IF(U72="","",ROW()-6)
F73: =IF(G73="","",ROW()-6) | J73: FALSE | T73: =IF(U73="","",ROW()-6)
F74: =IF(G74="","",ROW()-6) | J74: FALSE | T74: =IF(U74="","",ROW()-6)
F75: =IF(G75="","",ROW()-6) | J75: FALSE | T75: =IF(U75="","",ROW()-6)
F76: =IF(G76="","",ROW()-6) | J76: FALSE | T76: =IF(U76="","",ROW()-6)
F77: =IF(G77="","",ROW()-6) | J77: FALSE | T77: =IF(U77="","",ROW()-6)
F78: =IF(G78="","",ROW()-6) | J78: FALSE | T78: =IF(U78="","",ROW()-6)
F79: =IF(G79="","",ROW()-6) | J79: FALSE | T79: =IF(U79="","",ROW()-6)
F80: =IF(G80="","",ROW()-6) | J80: FALSE | T80: =IF(U80="","",ROW()-6)
F81: =IF(G81="","",ROW()-6) | J81: FALSE | T81: =IF(U81="","",ROW()-6)
... F100: =IF(G100="","",ROW()-6) | J100: FALSE | T100: =IF(U100="","",ROW()-6)
F101: =IF(G101="","",ROW()-6) | T101: =IF(U101="","",ROW()-6)
F102: =IF(G102="","",ROW()-6) | T102: =IF(U102="","",ROW()-6)
F103: =IF(G103="","",ROW()-6) | T103: =IF(U103="","",ROW()-6)
F104: =IF(G104="","",ROW()-6) | T104: =IF(U104="","",ROW()-6)
F105: =IF(G105="","",ROW()-6) | T105: =IF(U105="","",ROW()-6)
F106: =IF(G106="","",ROW()-6) | T106: =IF(U106="","",ROW()-6)
F107: =IF(G107="","",ROW()-6) | T107: =IF(U107="","",ROW()-6)
F108: =IF(G108="","",ROW()-6) | T108: =IF(U108="","",ROW()-6)
F109: =IF(G109="","",ROW()-6) | T109: =IF(U109="","",ROW()-6)
F110: =IF(G110="","",ROW()-6) | T110: =IF(U110="","",ROW()-6)
F111: =IF(G111="","",ROW()-6) | T111: =IF(U111="","",ROW()-6)
F112: =IF(G112="","",ROW()-6) | T112: =IF(U112="","",ROW()-6)
... F198: =IF(G198="","",ROW()-6) | T198: =IF(U198="","",ROW()-6)

Sheet חובות מס לתשלום
G1: מעבר לדף הבית | H1: מעבר מהיר לגיליון: | I1: תבניות חובת דיווח | J1: =VLOOKUP(I1,'אינדקס'!B13:C91,2) -> פתח גיליון | L1: מעבר לתהליכי עבודה | U1: מעבר לטבלת השדות | W1: מעבר לדף הבית | X1: מעבר מהיר לגיליון: | Y1: DFA | Z1: =VLOOKUP(Y1,'אינדקס'!B13:C91,2) -> פתח גיליון
F2: =CONCATENATE("🎯 מטרות-העל: ", 'אינדקס'!$B$5) -> 🎯 מטרות-העל: https://docs.google.com/open?id=16lBROr6DmzGS3AaRedcxxBk5nYQMegngfhrp90Jz1JQ | V2: =CONCATENATE("🎯 מטרות-העל: ", 'אינדקס'!$B$5) -> 🎯 מטרות-העל: https://docs.google.com/open?id=16lBROr6DmzGS3AaRedcxxBk5nYQMegngfhrp90Jz1JQ
F4: =IF(G4="","",ROW()-6) | T4: =IF(U4="","",ROW()-6) | V4: =IF(W4="","",ROW()-6)
F5: =IF(G5="","",ROW()-6) | T5: =IF(U5="","",ROW()-6) | V5: =IF(W5="","",ROW()-6)
F6: =IF(G6="","",ROW()-6) | T6: =IF(U6="","",ROW()-6) | V6: =IF(W6="","",ROW()-6)
F7: =IF(G7="","",ROW()-6) | T7: =IF(U7="","",ROW()-6) | V7: =IF(W7="","",ROW()-6)
F9: # | G9: קבוצת שדות | H9: שם שדה | I9: סוג שדה | J9: חובה/רשות | K9: ערכים אפשריים | L9: הערות | M9: הרשאות צפייה | N9: הרשאות עריכה | T9: # | U9: שם התהליך | V9: סוג טריגר | W9: פרטי טריגר | X9: תנאי הפעלה (שדה+לוגיקה) | Y9: סטטוס איפיון | Z9: הערות | AC9: שם תהליך | AD9: סוג פעולה | AE9: תיואר פעולה קצר | AF9: תיאור מפורט
B10: שם קבוצה | C10: חוזת או לא | F10: =IF(G10="","",ROW()-9) -> 1 | G10: פרטי התשלום | H10: שם הלקוח | I10: בחירה מרובה | J10: FALSE | T10: =IF(U10="","",ROW()-6)
B11: פרטי התשלום | C11: FALSE | F11: =IF(G11="","",ROW()-9) | H11: סוג החובה | I11: בחירה מרובה | J11: FALSE | T11: =IF(U11="","",ROW()-6)
C12: FALSE | F12: =IF(G12="","",ROW()-9) | H12: חל על תקופת | I12: בחירה מרובה | J12: FALSE | T12: =IF(U12="","",ROW()-6)
C13: FALSE | F13: =IF(G13="","",ROW()-9) | H13: תאריך יעד לתשלום | I13: בחירה מרובה | J13: FALSE | T13: =IF(U13="","",ROW()-6)
C14: FALSE | F14: =IF(G14="","",ROW()-9) | H14: סכום לתשלום | I14: שדה טקסט | J14: FALSE | T14: =IF(U14="","",ROW()-6)
C15: FALSE | F15: =IF(G15="","",ROW()-9) | H15: סטטוס | I15: תיבת בחירה | J15: FALSE | T15: =IF(U15="","",ROW()-6)
C16: FALSE | F16: =IF(G16="","",ROW()-9) | H16: תאריך תשלום בפועל | I16: שדה תאריך/זמן | J16: FALSE | T16: =IF(U16="","",ROW()-6)
C17: FALSE | F17: =IF(G17="","",ROW()-9) | H17: אסמכתא | I17: קישור למופע אחר | J17: FALSE | T17: =IF(U17="","",ROW()-6)
C18: FALSE | F18: =IF(G18="","",ROW()-9) | H18: הגשה מקושרת | I18: קישור למופע אחר | J18: FALSE | T18: =IF(U18="","",ROW()-6)
C19: FALSE | F19: =IF(G19="","",ROW()-9) | H19: אישור מקושר | I19: קישור למופע אחר | J19: FALSE | T19: =IF(U19="","",ROW()-6)
C20: FALSE | F20: =IF(G20="","",ROW()-9) | J20: FALSE | T20: =IF(U20="","",ROW()-6)
C21: FALSE | F21: =IF(G21="","",ROW()-9) | J21: FALSE | T21: =IF(U21="","",ROW()-6)
C22: FALSE | F22: =IF(G22="","",ROW()-9) | J22: FALSE | T22: =IF(U22="","",ROW()-6)
C23: FALSE | F23: =IF(G23="","",ROW()-9) | J23: FALSE | T23: =IF(U23="","",ROW()-6)
C24: FALSE | F24: =IF(G24="","",ROW()-9) | J24: FALSE | T24: =IF(U24="","",ROW()-6)
C25: FALSE | F25: =IF(G25="","",ROW()-9) | J25: FALSE | T25: =IF(U25="","",ROW()-6)
C26: FALSE | F26: =IF(G26="","",ROW()-9) | J26: FALSE | T26: =IF(U26="","",ROW()-6)
C27: FALSE | F27: =IF(G27="","",ROW()-9) | J27: FALSE | T27: =IF(U27="","",ROW()-6)
C28: FALSE | F28: =IF(G28="","",ROW()-9) | J28: FALSE | T28: =IF(U28="","",ROW()-6)
C29: FALSE | F29: =IF(G29="","",ROW()-9) | J29: FALSE | T29: =IF(U29="","",ROW()-6)
C30: FALSE | F30: =IF(G30="","",ROW()-9) | J30: FALSE | T30: =IF(U30="","",ROW()-6)
F31: =IF(G31="","",ROW()-9) | J31: FALSE | T31: =IF(U31="","",ROW()-6)
F32: =IF(G32="","",ROW()-9) | J32: FALSE | T32: =IF(U32="","",ROW()-6)
F33: =IF(G33="","",ROW()-9) | J33: FALSE | T33: =IF(U33="","",ROW()-6)
F34: =IF(G34="","",ROW()-9) | J34: FALSE | T34: =IF(U34="","",ROW()-6)
F35: =IF(G35="","",ROW()-9) | J35: FALSE | T35: =IF(U35="","",ROW()-6)
F36: =IF(G36="","",ROW()-9) | J36: FALSE | T36: =IF(U36="","",ROW()-6)
F37: =IF(G37="","",ROW()-9) | J37: FALSE | T37: =IF(U37="","",ROW()-6)
F38: =IF(G38="","",ROW()-9) | J38: FALSE | T38: =IF(U38="","",ROW()-6)
F39: =IF(G39="","",ROW()-9) | J39: FALSE | T39: =IF(U39="","",ROW()-6)
F40: =IF(G40="","",ROW()-9) | J40: FALSE | T40: =IF(U40="","",ROW()-6)
F41: =IF(G41="","",ROW()-9) | J41: FALSE | T41: =IF(U41="","",ROW()-6)
F42: =IF(G42="","",ROW()-9) | J42: FALSE | T42: =IF(U42="","",ROW()-6)
... F69: =IF(G69="","",ROW()-9) | J69: FALSE | T69: =IF(U69="","",ROW()-6)
F70: =IF(G70="","",ROW()-6) | J70: FALSE | T70: =IF(U70="","",ROW()-6)
F71: =IF(G71="","",ROW()-6) | J71: FALSE | T71: =IF(U71="","",ROW()-6)
F72: =IF(G72="","",ROW()-6) | J72: FALSE | T72: =IF(U72="","",ROW()-6)
F73: =IF(G73="","",ROW()-6) | J73: FALSE | T73: =IF(U73="","",ROW()-6)
F74: =IF(G74="","",ROW()-6) | J74: FALSE | T74: =IF(U74="","",ROW()-6)
F75: =IF(G75="","",ROW()-6) | J75: FALSE | T75: =IF(U75="","",ROW()-6)
F76: =IF(G76="","",ROW()-6) | J76: FALSE | T76: =IF(U76="","",ROW()-6)
F77: =IF(G77="","",ROW()-6) | J77: FALSE | T77: =IF(U77="","",ROW()-6)
F78: =IF(G78="","",ROW()-6) | J78: FALSE | T78: =IF(U78="","",ROW()-6)
F79: =IF(G79="","",ROW()-6) | J79: FALSE | T79: =IF(U79="","",ROW()-6)
F80: =IF(G80="","",ROW()-6) | J80: FALSE | T80: =IF(U80="","",ROW()-6)
F81: =IF(G81="","",ROW()-6) | J81: FALSE | T81: =IF(U81="","",ROW()-6)
... F100: =IF(G100="","",ROW()-6) | J100: FALSE | T100: =IF(U100="","",ROW()-6)
F101: =IF(G101="","",ROW()-6) | T101: =IF(U101="","",ROW()-6)
F102: =IF(G102="","",ROW()-6) | T102: =IF(U102="","",ROW()-6)
F103: =IF(G103="","",ROW()-6) | T103: =IF(U103="","",ROW()-6)
F104: =IF(G104="","",ROW()-6) | T104: =IF(U104="","",ROW()-6)
F105: =IF(G105="","",ROW()-6) | T105: =IF(U105="","",ROW()-6)
F106: =IF(G106="","",ROW()-6) | T106: =IF(U106="","",ROW()-6)
F107: =IF(G107="","",ROW()-6) | T107: =IF(U107="","",ROW()-6)
F108: =IF(G108="","",ROW()-6) | T108: =IF(U108="","",ROW()-6)
F109: =IF(G109="","",ROW()-6) | T109: =IF(U109="","",ROW()-6)
F110: =IF(G110="","",ROW()-6) | T110: =IF(U110="","",ROW()-6)
F111: =IF(G111="","",ROW()-6) | T111: =IF(U111="","",ROW()-6)
F112: =IF(G112="","",ROW()-6) | T112: =IF(U112="","",ROW()-6)
... F198: =IF(G198="","",ROW()-6) | T198: =IF(U198="","",ROW()-6)

Sheet תבנית חובת תשלום
G1: מעבר לדף הבית | H1: מעבר מהיר לגיליון: | I1: ZDSFA | J1: =VLOOKUP(I1,'אינדקס'!B13:C91,2) -> פתח גיליון | L1: מעבר לתהליכי עבודה | U1: מעבר לטבלת השדות | W1: מעבר לדף הבית | X1: מעבר מהיר לגיליון: | Y1: DFA | Z1: =VLOOKUP(Y1,'אינדקס'!B13:C91,2) -> פתח גיליון
F2: =CONCATENATE("🎯 מטרות-העל: ", 'אינדקס'!$B$5) -> 🎯 מטרות-העל: https://docs.google.com/open?id=16lBROr6DmzGS3AaRedcxxBk5nYQMegngfhrp90Jz1JQ | V2: =CONCATENATE("🎯 מטרות-העל: ", 'אינדקס'!$B$5) -> 🎯 מטרות-העל: https://docs.google.com/open?id=16lBROr6DmzGS3AaRedcxxBk5nYQMegngfhrp90Jz1JQ
F4: =IF(G4="","",ROW()-6) | T4: =IF(U4="","",ROW()-6) | V4: =IF(W4="","",ROW()-6)
F5: =IF(G5="","",ROW()-6) | T5: =IF(U5="","",ROW()-6) | V5: =IF(W5="","",ROW()-6)
F6: =IF(G6="","",ROW()-6) | T6: =IF(U6="","",ROW()-6) | V6: =IF(W6="","",ROW()-6)
F7: =IF(G7="","",ROW()-6) | T7: =IF(U7="","",ROW()-6) | V7: =IF(W7="","",ROW()-6)
F9: # | G9: קבוצת שדות | H9: שם שדה | I9: סוג שדה | J9: חובה/רשות | K9: ערכים אפשריים | L9: הערות | M9: הרשאות צפייה | N9: הרשאות עריכה | T9: # | U9: שם התהליך | V9: סוג טריגר | W9: פרטי טריגר | X9: תנאי הפעלה (שדה+לוגיקה) | Y9: סטטוס איפיון | Z9: הערות | AC9: שם תהליך | AD9: סוג פעולה | AE9: תיואר פעולה קצר | AF9: תיאור מפורט
B10: שם קבוצה | C10: חוזת או לא | F10: =IF(G10="","",ROW()-9) -> 1 | G10: פרטי החובה | H10: שם החובה | I10: שדה טקסט | J10: FALSE | T10: =IF(U10="","",ROW()-6)
B11: פרטי החובה | C11: FALSE | F11: =IF(G11="","",ROW()-9) -> 2 | G11: פרטי החובה | H11: תדירות התשלום | I11: קישור למופע אחר | J11: FALSE | T11: =IF(U11="","",ROW()-6)
C12: FALSE | F12: =IF(G12="","",ROW()-9) -> 3 | G12: פרטי החובה | H12: שירות מפעיל | I12: קישור למופע אחר | J12: FALSE | T12: =IF(U12="","",ROW()-6)
C13: FALSE | F13: =IF(G13="","",ROW()-9) -> 4 | G13: פרטי החובה | H13: חל על סוגי ישיות | I13: שדה מצביע | J13: FALSE | T13: =IF(U13="","",ROW()-6)
C14: FALSE | F14: =IF(G14="","",ROW()-9) -> 5 | G14: פרטי החובה | H14: מקור הסכום | I14: תיבת בחירה | J14: FALSE | T14: =IF(U14="","",ROW()-6)
C15: FALSE | F15: =IF(G15="","",ROW()-9) -> 6 | G15: פרטי החובה | H15: תיאור החובה | I15: איזור שדה טקסט | J15: TRUE | T15: =IF(U15="","",ROW()-6)
C16: FALSE | F16: =IF(G16="","",ROW()-9) -> 7 | G16: פרטי החובה | H16: תלוי בהגשה | I16: תיבת בחירה | T16: =IF(U16="","",ROW()-6)
C17: FALSE | F17: =IF(G17="","",ROW()-9) -> 8 | G17: פרטי החובה | H17: קישור לתבנית חובה | I17: קישור למופע אחר | T17: =IF(U17="","",ROW()-6)
C18: FALSE | F18: =IF(G18="","",ROW()-9) | T18: =IF(U18="","",ROW()-6)
C19: FALSE | F19: =IF(G19="","",ROW()-9) | T19: =IF(U19="","",ROW()-6)
C20: FALSE | F20: =IF(G20="","",ROW()-9) | J20: FALSE | T20: =IF(U20="","",ROW()-6)
C21: FALSE | F21: =IF(G21="","",ROW()-9) | J21: FALSE | T21: =IF(U21="","",ROW()-6)
C22: FALSE | F22: =IF(G22="","",ROW()-9) | J22: FALSE | T22: =IF(U22="","",ROW()-6)
C23: FALSE | F23: =IF(G23="","",ROW()-9) | J23: FALSE | T23: =IF(U23="","",ROW()-6)
C24: FALSE | F24: =IF(G24="","",ROW()-9) | J24: FALSE | T24: =IF(U24="","",ROW()-6)
C25: FALSE | F25: =IF(G25="","",ROW()-9) | J25: FALSE | T25: =IF(U25="","",ROW()-6)
C26: FALSE | F26: =IF(G26="","",ROW()-9) | J26: FALSE | T26: =IF(U26="","",ROW()-6)
C27: FALSE | F27: =IF(G27="","",ROW()-9) | J27: FALSE | T27: =IF(U27="","",ROW()-6)
C28: FALSE | F28: =IF(G28="","",ROW()-9) | J28: FALSE | T28: =IF(U28="","",ROW()-6)
C29: FALSE | F29: =IF(G29="","",ROW()-9) | J29: FALSE | T29: =IF(U29="","",ROW()-6)
C30: FALSE | F30: =IF(G30="","",ROW()-9) | J30: FALSE | T30: =IF(U30="","",ROW()-6)
F31: =IF(G31="","",ROW()-9) | J31: FALSE | T31: =IF(U31="","",ROW()-6)
F32: =IF(G32="","",ROW()-9) | J32: FALSE | T32: =IF(U32="","",ROW()-6)
F33: =IF(G33="","",ROW()-9) | J33: FALSE | T33: =IF(U33="","",ROW()-6)
F34: =IF(G34="","",ROW()-9) | J34: FALSE | T34: =IF(U34="","",ROW()-6)
F35: =IF(G35="","",ROW()-9) | J35: FALSE | T35: =IF(U35="","",ROW()-6)
F36: =IF(G36="","",ROW()-9) | J36: FALSE | T36: =IF(U36="","",ROW()-6)
F37: =IF(G37="","",ROW()-9) | J37: FALSE | T37: =IF(U37="","",ROW()-6)
F38: =IF(G38="","",ROW()-9) | J38: FALSE | T38: =IF(U38="","",ROW()-6)
F39: =IF(G39="","",ROW()-9) | J39: FALSE | T39: =IF(U39="","",ROW()-6)
F40: =IF(G40="","",ROW()-9) | J40: FALSE | T40: =IF(U40="","",ROW()-6)
F41: =IF(G41="","",ROW()-9) | J41: FALSE | T41: =IF(U41="","",ROW()-6)
F42: =IF(G42="","",ROW()-9) | J42: FALSE | T42: =IF(U42="","",ROW()-6)
... F69: =IF(G69="","",ROW()-9) | J69: FALSE | T69: =IF(U69="","",ROW()-6)
F70: =IF(G70="","",ROW()-6) | J70: FALSE | T70: =IF(U70="","",ROW()-6)
F71: =IF(G71="","",ROW()-6) | J71: FALSE | T71: =IF(U71="","",ROW()-6)
F72: =IF(G72="","",ROW()-6) | J72: FALSE | T72: =IF(U72="","",ROW()-6)
F73: =IF(G73="","",ROW()-6) | J73: FALSE | T73: =IF(U73="","",ROW()-6)
F74: =IF(G74="","",ROW()-6) | J74: FALSE | T74: =IF(U74="","",ROW()-6)
F75: =IF(G75="","",ROW()-6) | J75: FALSE | T75: =IF(U75="","",ROW()-6)
F76: =IF(G76="","",ROW()-6) | J76: FALSE | T76: =IF(U76="","",ROW()-6)
F77: =IF(G77="","",ROW()-6) | J77: FALSE | T77: =IF(U77="","",ROW()-6)
F78: =IF(G78="","",ROW()-6) | J78: FALSE | T78: =IF(U78="","",ROW()-6)
F79: =IF(G79="","",ROW()-6) | J79: FALSE | T79: =IF(U79="","",ROW()-6)
F80: =IF(G80="","",ROW()-6) | J80: FALSE | T80: =IF(U80="","",ROW()-6)
F81: =IF(G81="","",ROW()-6) | J81: FALSE | T81: =IF(U81="","",ROW()-6)
... F100: =IF(G100="","",ROW()-6) | J100: FALSE | T100: =IF(U100="","",ROW()-6)
F101: =IF(G101="","",ROW()-6) | T101: =IF(U101="","",ROW()-6)
F102: =IF(G102="","",ROW()-6) | T102: =IF(U102="","",ROW()-6)
F103: =IF(G103="","",ROW()-6) | T103: =IF(U103="","",ROW()-6)
F104: =IF(G104="","",ROW()-6) | T104: =IF(U104="","",ROW()-6)
F105: =IF(G105="","",ROW()-6) | T105: =IF(U105="","",ROW()-6)
F106: =IF(G106="","",ROW()-6) | T106: =IF(U106="","",ROW()-6)
F107: =IF(G107="","",ROW()-6) | T107: =IF(U107="","",ROW()-6)
F108: =IF(G108="","",ROW()-6) | T108: =IF(U108="","",ROW()-6)
F109: =IF(G109="","",ROW()-6) | T109: =IF(U109="","",ROW()-6)
F110: =IF(G110="","",ROW()-6) | T110: =IF(U110="","",ROW()-6)
F111: =IF(G111="","",ROW()-6) | T111: =IF(U111="","",ROW()-6)
F112: =IF(G112="","",ROW()-6) | T112: =IF(U112="","",ROW()-6)
... F198: =IF(G198="","",ROW()-6) | T198: =IF(U198="","",ROW()-6)

Sheet הרצת שכר
G1: מעבר לדף הבית | H1: מעבר מהיר לגיליון: | I1: ZDSFA | J1: =VLOOKUP(I1,'אינדקס'!B13:C91,2) -> פתח גיליון | L1: מעבר לתהליכי עבודה | U1: מעבר לטבלת השדות | W1: מעבר לדף הבית | X1: מעבר מהיר לגיליון: | Y1: DFA | Z1: =VLOOKUP(Y1,'אינדקס'!B13:C91,2) -> פתח גיליון
F2: =CONCATENATE("🎯 מטרות-העל: ", 'אינדקס'!$B$5) -> 🎯 מטרות-העל: https://docs.google.com/open?id=16lBROr6DmzGS3AaRedcxxBk5nYQMegngfhrp90Jz1JQ | V2: =CONCATENATE("🎯 מטרות-העל: ", 'אינדקס'!$B$5) -> 🎯 מטרות-העל: https://docs.google.com/open?id=16lBROr6DmzGS3AaRedcxxBk5nYQMegngfhrp90Jz1JQ
F4: =IF(G4="","",ROW()-6) | T4: =IF(U4="","",ROW()-6) | V4: =IF(W4="","",ROW()-6)
F5: =IF(G5="","",ROW()-6) | T5: =IF(U5="","",ROW()-6) | V5: =IF(W5="","",ROW()-6)
F6: =IF(G6="","",ROW()-6) | T6: =IF(U6="","",ROW()-6) | V6: =IF(W6="","",ROW()-6)
F7: =IF(G7="","",ROW()-6) | T7: =IF(U7="","",ROW()-6) | V7: =IF(W7="","",ROW()-6)
F9: # | G9: קבוצת שדות | H9: שם שדה | I9: סוג שדה | J9: חובה/רשות | K9: ערכים אפשריים | L9: הערות | M9: הרשאות צפייה | N9: הרשאות עריכה | T9: # | U9: שם התהליך | V9: סוג טריגר | W9: פרטי טריגר | X9: תנאי הפעלה (שדה+לוגיקה) | Y9: סטטוס איפיון | Z9: הערות | AC9: שם תהליך | AD9: סוג פעולה | AE9: תיואר פעולה קצר | AF9: תיאור מפורט
B10: שם קבוצה | C10: חוזת או לא | F10: =IF(G10="","",ROW()-9) -> 1 | G10: פרטי ההרצה | H10: שם לקוח | J10: FALSE | T10: =IF(U10="","",ROW()-6)
B11: פרטי ההרצה | C11: FALSE | F11: =IF(G11="","",ROW()-9) | H11: תקופה | J11: FALSE | T11: =IF(U11="","",ROW()-6)
B12: רשימת עובדים | C12: TRUE | F12: =IF(G12="","",ROW()-9) | H12: מס' תלושים לביצוע | J12: FALSE | T12: =IF(U12="","",ROW()-6)
C13: FALSE | F13: =IF(G13="","",ROW()-9) | H13: סטטוס אישור | J13: FALSE | T13: =IF(U13="","",ROW()-6)
C14: FALSE | F14: =IF(G14="","",ROW()-9) | H14: עובד מבצע | J14: FALSE | T14: =IF(U14="","",ROW()-6)
C15: FALSE | F15: =IF(G15="","",ROW()-9) | H15: אישור התלושים | J15: FALSE | T15: =IF(U15="","",ROW()-6)
C16: FALSE | F16: =IF(G16="","",ROW()-9) -> 7 | G16: רשימת עובדים | J16: FALSE | T16: =IF(U16="","",ROW()-6)
C17: FALSE | F17: =IF(G17="","",ROW()-9) | J17: FALSE | T17: =IF(U17="","",ROW()-6)
C18: FALSE | F18: =IF(G18="","",ROW()-9) | J18: FALSE | T18: =IF(U18="","",ROW()-6)
C19: FALSE | F19: =IF(G19="","",ROW()-9) | J19: FALSE | T19: =IF(U19="","",ROW()-6)
C20: FALSE | F20: =IF(G20="","",ROW()-9) | J20: FALSE | T20: =IF(U20="","",ROW()-6)
C21: FALSE | F21: =IF(G21="","",ROW()-9) | J21: FALSE | T21: =IF(U21="","",ROW()-6)
C22: FALSE | F22: =IF(G22="","",ROW()-9) | J22: FALSE | T22: =IF(U22="","",ROW()-6)
C23: FALSE | F23: =IF(G23="","",ROW()-9) | J23: FALSE | T23: =IF(U23="","",ROW()-6)
C24: FALSE | F24: =IF(G24="","",ROW()-9) | J24: FALSE | T24: =IF(U24="","",ROW()-6)
C25: FALSE | F25: =IF(G25="","",ROW()-9) | J25: FALSE | T25: =IF(U25="","",ROW()-6)
C26: FALSE | F26: =IF(G26="","",ROW()-9) | J26: FALSE | T26: =IF(U26="","",ROW()-6)
C27: FALSE | F27: =IF(G27="","",ROW()-9) | J27: FALSE | T27: =IF(U27="","",ROW()-6)
C28: FALSE | F28: =IF(G28="","",ROW()-9) | J28: FALSE | T28: =IF(U28="","",ROW()-6)
... C30: FALSE | F30: =IF(G30="","",ROW()-9) | J30: FALSE | T30: =IF(U30="","",ROW()-6)
F31: =IF(G31="","",ROW()-9) | J31: FALSE | T31: =IF(U31="","",ROW()-6)
F32: =IF(G32="","",ROW()-9) | J32: FALSE | T32: =IF(U32="","",ROW()-6)
F33: =IF(G33="","",ROW()-9) | J33: FALSE | T33: =IF(U33="","",ROW()-6)
F34: =IF(G34="","",ROW()-9) | J34: FALSE | T34: =IF(U34="","",ROW()-6)
F35: =IF(G35="","",ROW()-9) | J35: FALSE | T35: =IF(U35="","",ROW()-6)
F36: =IF(G36="","",ROW()-9) | J36: FALSE | T36: =IF(U36="","",ROW()-6)
F37: =IF(G37="","",ROW()-9) | J37: FALSE | T37: =IF(U37="","",ROW()-6)
F38: =IF(G38="","",ROW()-9) | J38: FALSE | T38: =IF(U38="","",ROW()-6)
F39: =IF(G39="","",ROW()-9) | J39: FALSE | T39: =IF(U39="","",ROW()-6)
F40: =IF(G40="","",ROW()-9) | J40: FALSE | T40: =IF(U40="","",ROW()-6)
F41: =IF(G41="","",ROW()-9) | J41: FALSE | T41: =IF(U41="","",ROW()-6)
F42: =IF(G42="","",ROW()-9) | J42: FALSE | T42: =IF(U42="","",ROW()-6)
... F69: =IF(G69="","",ROW()-9) | J69: FALSE | T69: =IF(U69="","",ROW()-6)
F70: =IF(G70="","",ROW()-6) | J70: FALSE | T70: =IF(U70="","",ROW()-6)
F71: =IF(G71="","",ROW()-6) | J71: FALSE | T71: =IF(U71="","",ROW()-6)
F72: =IF(G72="","",ROW()-6) | J72: FALSE | T72: =IF(U72="","",ROW()-6)
F73: =IF(G73="","",ROW()-6) | J73: FALSE | T73: =IF(U73="","",ROW()-6)
F74: =IF(G74="","",ROW()-6) | J74: FALSE | T74: =IF(U74="","",ROW()-6)
F75: =IF(G75="","",ROW()-6) | J75: FALSE | T75: =IF(U75="","",ROW()-6)
F76: =IF(G76="","",ROW()-6) | J76: FALSE | T76: =IF(U76="","",ROW()-6)
F77: =IF(G77="","",ROW()-6) | J77: FALSE | T77: =IF(U77="","",ROW()-6)
F78: =IF(G78="","",ROW()-6) | J78: FALSE | T78: =IF(U78="","",ROW()-6)
F79: =IF(G79="","",ROW()-6) | J79: FALSE | T79: =IF(U79="","",ROW()-6)
F80: =IF(G80="","",ROW()-6) | J80: FALSE | T80: =IF(U80="","",ROW()-6)
F81: =IF(G81="","",ROW()-6) | J81: FALSE | T81: =IF(U81="","",ROW()-6)
... F100: =IF(G100="","",ROW()-6) | J100: FALSE | T100: =IF(U100="","",ROW()-6)
F101: =IF(G101="","",ROW()-6) | T101: =IF(U101="","",ROW()-6)
F102: =IF(G102="","",ROW()-6) | T102: =IF(U102="","",ROW()-6)
F103: =IF(G103="","",ROW()-6) | T103: =IF(U103="","",ROW()-6)
F104: =IF(G104="","",ROW()-6) | T104: =IF(U104="","",ROW()-6)
F105: =IF(G105="","",ROW()-6) | T105: =IF(U105="","",ROW()-6)
F106: =IF(G106="","",ROW()-6) | T106: =IF(U106="","",ROW()-6)
F107: =IF(G107="","",ROW()-6) | T107: =IF(U107="","",ROW()-6)
F108: =IF(G108="","",ROW()-6) | T108: =IF(U108="","",ROW()-6)
F109: =IF(G109="","",ROW()-6) | T109: =IF(U109="","",ROW()-6)
F110: =IF(G110="","",ROW()-6) | T110: =IF(U110="","",ROW()-6)
F111: =IF(G111="","",ROW()-6) | T111: =IF(U111="","",ROW()-6)
F112: =IF(G112="","",ROW()-6) | T112: =IF(U112="","",ROW()-6)
... F198: =IF(G198="","",ROW()-6) | T198: =IF(U198="","",ROW()-6)

Sheet רשימת עובדי לקוחות
G1: מעבר לדף הבית | H1: מעבר מהיר לגיליון: | I1: ZDSFA | J1: =VLOOKUP(I1,'אינדקס'!B13:C91,2) -> פתח גיליון | L1: מעבר לתהליכי עבודה | U1: מעבר לטבלת השדות | W1: מעבר לדף הבית | X1: מעבר מהיר לגיליון: | Y1: DFA | Z1: =VLOOKUP(Y1,'אינדקס'!B13:C91,2) -> פתח גיליון
F2: =CONCATENATE("🎯 מטרות-העל: ", 'אינדקס'!$B$5) -> 🎯 מטרות-העל: https://docs.google.com/open?id=16lBROr6DmzGS3AaRedcxxBk5nYQMegngfhrp90Jz1JQ | V2: =CONCATENATE("🎯 מטרות-העל: ", 'אינדקס'!$B$5) -> 🎯 מטרות-העל: https://docs.google.com/open?id=16lBROr6DmzGS3AaRedcxxBk5nYQMegngfhrp90Jz1JQ
F4: =IF(G4="","",ROW()-6) | T4: =IF(U4="","",ROW()-6) | V4: =IF(W4="","",ROW()-6)
F5: =IF(G5="","",ROW()-6) | T5: =IF(U5="","",ROW()-6) | V5: =IF(W5="","",ROW()-6)
F6: =IF(G6="","",ROW()-6) | T6: =IF(U6="","",ROW()-6) | V6: =IF(W6="","",ROW()-6)
F7: =IF(G7="","",ROW()-6) | T7: =IF(U7="","",ROW()-6) | V7: =IF(W7="","",ROW()-6)
F9: # | G9: קבוצת שדות | H9: שם שדה | I9: סוג שדה | J9: חובה/רשות | K9: ערכים אפשריים | L9: הערות | M9: הרשאות צפייה | N9: הרשאות עריכה | T9: # | U9: שם התהליך | V9: סוג טריגר | W9: פרטי טריגר | X9: תנאי הפעלה (שדה+לוגיקה) | Y9: סטטוס איפיון | Z9: הערות | AC9: שם תהליך | AD9: סוג פעולה | AE9: תיואר פעולה קצר | AF9: תיאור מפורט
B10: שם קבוצה | C10: חוזת או לא | F10: =IF(G10="","",ROW()-9) -> 1 | G10: פרטי העובד | H10: שם העובד | I10: שדה טקסט | J10: FALSE | T10: =IF(U10="","",ROW()-6)
B11: פרטי העובד | C11: FALSE | F11: =IF(G11="","",ROW()-9) | H11: מס תעודת זהות | I11: שדה טקסט | J11: FALSE | T11: =IF(U11="","",ROW()-6)
B12: פרטי העסקה | C12: FALSE | F12: =IF(G12="","",ROW()-9) | H12: מעסיק | I12: קישור למופע אחר | J12: FALSE | T12: =IF(U12="","",ROW()-6)
C13: FALSE | F13: =IF(G13="","",ROW()-9) | H13: פרטים נוספים | I13: איזור שדה טקסט | J13: FALSE | T13: =IF(U13="","",ROW()-6)
C14: FALSE | F14: =IF(G14="","",ROW()-9) | H14: תאריך תחילת העבודה | I14: שדה תאריך/זמן | J14: FALSE | T14: =IF(U14="","",ROW()-6)
C15: FALSE | F15: =IF(G15="","",ROW()-9) | H15: תאריך סיום | I15: שדה תאריך/זמן | J15: FALSE | T15: =IF(U15="","",ROW()-6)
C16: FALSE | F16: =IF(G16="","",ROW()-9) | H16: סטטוס | I16: תיבת בחירה | J16: FALSE | T16: =IF(U16="","",ROW()-6)
C17: FALSE | F17: =IF(G17="","",ROW()-9) | H17: טופס 101 | I17: קישור למופע אחר | J17: FALSE | T17: =IF(U17="","",ROW()-6)
C18: FALSE | F18: =IF(G18="","",ROW()-9) | H18: מצב טופס 101 | I18: שדה נוסחה | J18: FALSE | T18: =IF(U18="","",ROW()-6)
C19: FALSE | F19: =IF(G19="","",ROW()-9) | J19: FALSE | T19: =IF(U19="","",ROW()-6)
C20: FALSE | F20: =IF(G20="","",ROW()-9) | J20: FALSE | T20: =IF(U20="","",ROW()-6)
C21: FALSE | F21: =IF(G21="","",ROW()-9) | J21: FALSE | T21: =IF(U21="","",ROW()-6)
C22: FALSE | F22: =IF(G22="","",ROW()-9) | J22: FALSE | T22: =IF(U22="","",ROW()-6)
C23: FALSE | F23: =IF(G23="","",ROW()-9) | J23: FALSE | T23: =IF(U23="","",ROW()-6)
C24: FALSE | F24: =IF(G24="","",ROW()-9) | J24: FALSE | T24: =IF(U24="","",ROW()-6)
C25: FALSE | F25: =IF(G25="","",ROW()-9) | J25: FALSE | T25: =IF(U25="","",ROW()-6)
C26: FALSE | F26: =IF(G26="","",ROW()-9) | J26: FALSE | T26: =IF(U26="","",ROW()-6)
C27: FALSE | F27: =IF(G27="","",ROW()-9) | J27: FALSE | T27: =IF(U27="","",ROW()-6)
C28: FALSE | F28: =IF(G28="","",ROW()-9) | J28: FALSE | T28: =IF(U28="","",ROW()-6)
C29: FALSE | F29: =IF(G29="","",ROW()-9) | J29: FALSE | T29: =IF(U29="","",ROW()-6)
C30: FALSE | F30: =IF(G30="","",ROW()-9) | J30: FALSE | T30: =IF(U30="","",ROW()-6)
F31: =IF(G31="","",ROW()-9) | J31: FALSE | T31: =IF(U31="","",ROW()-6)
F32: =IF(G32="","",ROW()-9) | J32: FALSE | T32: =IF(U32="","",ROW()-6)
F33: =IF(G33="","",ROW()-9) | J33: FALSE | T33: =IF(U33="","",ROW()-6)
F34: =IF(G34="","",ROW()-9) | J34: FALSE | T34: =IF(U34="","",ROW()-6)
F35: =IF(G35="","",ROW()-9) | J35: FALSE | T35: =IF(U35="","",ROW()-6)
F36: =IF(G36="","",ROW()-9) | J36: FALSE | T36: =IF(U36="","",ROW()-6)
F37: =IF(G37="","",ROW()-9) | J37: FALSE | T37: =IF(U37="","",ROW()-6)
F38: =IF(G38="","",ROW()-9) | J38: FALSE | T38: =IF(U38="","",ROW()-6)
F39: =IF(G39="","",ROW()-9) | J39: FALSE | T39: =IF(U39="","",ROW()-6)
F40: =IF(G40="","",ROW()-9) | J40: FALSE | T40: =IF(U40="","",ROW()-6)
F41: =IF(G41="","",ROW()-9) | J41: FALSE | T41: =IF(U41="","",ROW()-6)
F42: =IF(G42="","",ROW()-9) | J42: FALSE | T42: =IF(U42="","",ROW()-6)
... F69: =IF(G69="","",ROW()-9) | J69: FALSE | T69: =IF(U69="","",ROW()-6)
F70: =IF(G70="","",ROW()-6) | J70: FALSE | T70: =IF(U70="","",ROW()-6)
F71: =IF(G71="","",ROW()-6) | J71: FALSE | T71: =IF(U71="","",ROW()-6)
F72: =IF(G72="","",ROW()-6) | J72: FALSE | T72: =IF(U72="","",ROW()-6)
F73: =IF(G73="","",ROW()-6) | J73: FALSE | T73: =IF(U73="","",ROW()-6)
F74: =IF(G74="","",ROW()-6) | J74: FALSE | T74: =IF(U74="","",ROW()-6)
F75: =IF(G75="","",ROW()-6) | J75: FALSE | T75: =IF(U75="","",ROW()-6)
F76: =IF(G76="","",ROW()-6) | J76: FALSE | T76: =IF(U76="","",ROW()-6)
F77: =IF(G77="","",ROW()-6) | J77: FALSE | T77: =IF(U77="","",ROW()-6)
F78: =IF(G78="","",ROW()-6) | J78: FALSE | T78: =IF(U78="","",ROW()-6)
F79: =IF(G79="","",ROW()-6) | J79: FALSE | T79: =IF(U79="","",ROW()-6)
F80: =IF(G80="","",ROW()-6) | J80: FALSE | T80: =IF(U80="","",ROW()-6)
F81: =IF(G81="","",ROW()-6) | J81: FALSE | T81: =IF(U81="","",ROW()-6)
... F100: =IF(G100="","",ROW()-6) | J100: FALSE | T100: =IF(U100="","",ROW()-6)
F101: =IF(G101="","",ROW()-6) | T101: =IF(U101="","",ROW()-6)
F102: =IF(G102="","",ROW()-6) | T102: =IF(U102="","",ROW()-6)
F103: =IF(G103="","",ROW()-6) | T103: =IF(U103="","",ROW()-6)
F104: =IF(G104="","",ROW()-6) | T104: =IF(U104="","",ROW()-6)
F105: =IF(G105="","",ROW()-6) | T105: =IF(U105="","",ROW()-6)
F106: =IF(G106="","",ROW()-6) | T106: =IF(U106="","",ROW()-6)
F107: =IF(G107="","",ROW()-6) | T107: =IF(U107="","",ROW()-6)
F108: =IF(G108="","",ROW()-6) | T108: =IF(U108="","",ROW()-6)
F109: =IF(G109="","",ROW()-6) | T109: =IF(U109="","",ROW()-6)
F110: =IF(G110="","",ROW()-6) | T110: =IF(U110="","",ROW()-6)
F111: =IF(G111="","",ROW()-6) | T111: =IF(U111="","",ROW()-6)
F112: =IF(G112="","",ROW()-6) | T112: =IF(U112="","",ROW()-6)
... F198: =IF(G198="","",ROW()-6) | T198: =IF(U198="","",ROW()-6)
